Date,Equity
2019-10-25,0.9995
2019-10-27,0.9995
2019-10-29,0.9995
2019-10-30,0.9995
2019-10-31,0.9995
2019-11-01,0.9990807900413725
2019-11-04,0.9985812496463519
2019-11-05,0.9985812496463519
2019-11-06,0.9985812496463519
2019-11-07,0.9985812496463519
2019-11-08,0.9985812496463519
2019-11-11,0.9720152754583131
2019-11-13,0.971529267820584
2019-11-14,0.971529267820584
2019-11-15,0.971529267820584
2019-11-18,0.971529267820584
2019-11-19,0.971529267820584
2019-11-20,0.959783027083918
2019-11-21,0.9593031355703762
2019-11-22,0.9593031355703762
2019-11-25,0.9593031355703762
2019-11-26,0.9593031355703762
2019-11-27,0.9281958418811758
2019-11-28,0.9277317439602353
2019-11-29,0.9277317439602353
2019-12-02,0.9277317439602353
2019-12-03,0.8964672560960398
2019-12-04,0.8960190224679918
2019-12-05,0.8960190224679918
2019-12-06,0.8960190224679918
2019-12-09,0.8960190224679918
2019-12-10,0.8960190224679918
2019-12-11,0.8906852020214507
2019-12-12,0.89023985942044
2019-12-13,0.89023985942044
2019-12-16,0.89023985942044
2019-12-17,0.89023985942044
2019-12-18,0.89023985942044
2019-12-19,0.906535469697661
2019-12-20,0.9060822019628122
2019-12-23,0.9060822019628122
2019-12-24,0.9060822019628122
2019-12-26,0.8856018457648391
2019-12-27,0.8851590448419567
2019-12-30,0.8851590448419567
2019-12-31,0.8851590448419567
2020-01-01,0.8851590448419567
2020-01-02,0.8851590448419567
2020-01-03,0.8753310223565643
2020-01-06,0.8748933568453862
2020-01-07,0.8748933568453862
2020-01-08,0.8748933568453862
2020-01-09,0.8748933568453862
2020-01-10,0.8748933568453862
2020-01-13,0.8932800263465123
2020-01-14,0.8928333863333391
2020-01-15,0.8928333863333391
2020-01-16,0.8928333863333391
2020-01-17,0.8928333863333391
2020-01-20,0.8928333863333391
2020-01-21,0.864039664474276
2020-01-22,0.863607644642039
2020-01-23,0.863607644642039
2020-01-24,0.863607644642039
2020-01-27,0.863607644642039
2020-01-28,0.863607644642039
2020-01-29,0.8602870916034936
2020-01-30,0.8598569480576919
2020-01-31,0.8422309218043696
2020-02-03,0.8418098063434675
2020-02-04,0.8418098063434675
2020-02-05,0.8418098063434675
2020-02-06,0.8418098063434675
2020-02-07,0.8418098063434675
2020-02-10,0.8639607406434616
2020-02-11,0.86352876027314
2020-02-12,0.86352876027314
2020-02-13,0.86352876027314
2020-02-14,0.86352876027314
2020-02-17,0.86352876027314
2020-02-18,0.836091601382569
2020-02-19,0.8356735555818777
2020-02-20,0.8356735555818777
2020-02-24,0.8104903281622499
2020-02-25,0.8100850829981688
2020-02-26,0.8100850829981688
2020-02-27,0.8100850829981688
2020-02-28,0.782802462343927
2020-03-02,0.7824110611127552
2020-03-03,0.7824110611127552
2020-03-04,0.7824110611127552
2020-03-05,0.7824110611127552
2020-03-06,0.7525221893045028
2020-03-09,0.7521459282098506
2020-03-11,0.7521459282098506
2020-03-12,0.7521459282098506
2020-03-13,0.7186757838491133
2020-03-16,0.7186757838491133
2020-03-17,0.7183164459571888
2020-03-18,0.7183164459571888
2020-03-19,0.6723667362841134
2020-03-20,0.6720305529159714
2020-03-23,0.6720305529159714
2020-03-24,0.6720305529159714
2020-03-25,0.6720305529159714
2020-03-26,0.6720305529159714
2020-03-27,0.7373313347096386
2020-03-30,0.7369626690422838
2020-03-31,0.7369626690422838
2020-04-01,0.7369626690422838
2020-04-03,0.7369626690422838
2020-04-07,0.7369626690422838
2020-04-08,0.8111007343927484
2020-04-09,0.8106951840255521
2020-04-13,0.8106951840255521
2020-04-15,0.8106951840255521
2020-04-16,0.8106951840255521
2020-04-17,0.8106951840255521
2020-04-20,0.7951625184034888
2020-04-21,0.7947649371442871
2020-04-22,0.7947649371442871
2020-04-23,0.7947649371442871
2020-04-24,0.7947649371442871
2020-04-27,0.7952242263508824
2020-04-28,0.7948266142377071
2020-04-29,0.7948266142377071
2020-04-30,0.7948266142377071
2020-05-04,0.7948266142377071
2020-05-05,0.7948266142377071
2020-05-06,0.8031438236322745
2020-05-07,0.8027422517204584
2020-05-08,0.8027422517204584
2020-05-11,0.8027422517204584
2020-05-12,0.8027422517204584
2020-05-13,0.8027422517204584
2020-05-14,0.7527782784233473
2020-05-15,0.7524018892841356
2020-05-18,0.7524018892841356
2020-05-19,0.7524018892841356
2020-05-20,0.7524018892841356
2020-05-21,0.7524018892841356
2020-05-22,0.7322810760140387
2020-05-26,0.7319149354760317
2020-05-27,0.7319149354760317
2020-05-28,0.7319149354760317
2020-05-29,0.7319149354760317
2020-06-01,0.7319149354760317
2020-06-02,0.7850731913982103
2020-06-03,0.7846806548025113
2020-06-04,0.7846806548025113
2020-06-05,0.7846806548025113
2020-06-08,0.7846806548025113
2020-06-09,0.7846806548025113
2020-06-10,0.7985875049816418
2020-06-11,0.798188211229151
2020-06-12,0.798188211229151
2020-06-15,0.798188211229151
2020-06-16,0.798188211229151
2020-06-17,0.798188211229151
2020-06-18,0.8807059629424053
2020-06-19,0.8802656099609342
2020-06-22,0.8802656099609342
2020-06-23,0.8802656099609342
2020-06-24,0.8802656099609342
2020-06-25,0.8802656099609342
2020-06-26,0.9093747878735504
2020-06-29,0.9093747878735504
2020-06-30,0.9093747878735504
2020-07-01,0.9089201004796137
2020-07-02,0.9089201004796137
2020-07-03,0.9089201004796137
2020-07-06,0.9089201004796137
2020-07-07,0.9089201004796137
2020-07-08,0.9544835102754329
2020-07-09,0.9540062685202952
2020-07-10,0.9540062685202952
2020-07-13,0.9540062685202952
2020-07-14,0.9108122649762216
2020-07-15,0.9103568588437335
2020-07-16,0.9103568588437335
2020-07-17,0.9103568588437335
2020-07-20,0.9103568588437335
2020-07-21,0.9469507922935095
2020-07-22,0.9464773168973628
2020-07-23,0.9464773168973628
2020-07-24,0.9464773168973628
2020-07-27,0.9464773168973628
2020-07-28,0.903202502568615
2020-07-29,0.903202502568615
2020-07-30,0.903202502568615
2020-07-31,0.903202502568615
2020-08-03,0.903202502568615
2020-08-04,0.903202502568615
2020-08-05,0.903202502568615
2020-08-06,0.903202502568615
2020-08-07,0.9027509013173307
2020-08-10,0.9027509013173307
2020-08-11,0.9027509013173307
2020-08-12,0.9027509013173307
2020-08-13,0.8868161197200303
2020-08-14,0.8868161197200303
2020-08-17,0.8868161197200303
2020-08-18,0.8863727116601703
2020-08-19,0.8863727116601703
2020-08-20,0.8863727116601703
2020-08-21,0.8863727116601703
2020-08-24,0.8863727116601703
2020-08-25,0.8615571752038512
2020-08-26,0.8611263966162493
2020-08-27,0.8611263966162493
2020-08-28,0.8611263966162493
2020-08-31,0.8341571905477743
2020-09-01,0.8337401119525004
2020-09-02,0.8337401119525004
2020-09-03,0.8337401119525004
2020-09-04,0.8337401119525004
2020-09-07,0.8337401119525004
2020-09-08,0.8554540536138875
2020-09-09,0.8550263265870806
2020-09-10,0.8550263265870806
2020-09-11,0.8550263265870806
2020-09-14,0.8235445203293204
2020-09-15,0.8231327480691557
2020-09-16,0.8231327480691557
2020-09-17,0.8231327480691557
2020-09-18,0.8231327480691557
2020-09-21,0.8231327480691557
2020-09-22,0.8406609147160606
2020-09-23,0.8402405842587026
2020-09-24,0.8167107687501745
2020-09-25,0.8163024133657995
2020-09-28,0.8163024133657995
2020-09-29,0.8163024133657995
2020-09-30,0.8163024133657995
2020-10-01,0.8163024133657995
2020-10-05,0.8431496651741992
2020-10-06,0.8427280903416121
2020-10-07,0.8427280903416121
2020-10-08,0.8427280903416121
2020-10-09,0.8427280903416121
2020-10-12,0.8928863955971907
2020-10-13,0.8928863955971907
2020-10-14,0.8928863955971907
2020-10-15,0.8924399523993922
2020-10-16,0.9066208993259027
2020-10-19,0.9066208993259027
2020-10-20,0.9066208993259027
2020-10-21,0.9061675888762398
2020-10-22,0.9061675888762398
2020-10-23,0.9061675888762398
2020-10-26,0.9061675888762398
2020-10-27,0.9061675888762398
2020-10-28,0.921600996413891
2020-10-29,0.9211401959156842
2020-10-30,0.9211401959156842
2020-11-02,0.9211401959156842
2020-11-03,0.9211401959156842
2020-11-04,0.9211401959156842
2020-11-05,1.0108113081354513
2020-11-06,1.0103059024813836
2020-11-09,1.0103059024813836
2020-11-10,1.0103059024813836
2020-11-11,1.0103059024813836
2020-11-12,1.0103059024813836
2020-11-13,1.1206033936148267
2020-11-14,1.1200430919180193
2020-11-17,1.1200430919180193
2020-11-18,1.1200430919180193
2020-11-19,1.1200430919180193
2020-11-20,1.1200430919180193
2020-11-23,1.126591720766897
2020-11-24,1.1260284249065136
2020-11-25,1.1260284249065136
2020-11-26,1.1260284249065136
2020-11-27,1.1260284249065136
2020-12-01,1.1260284249065136
2020-12-02,1.095032785808962
2020-12-03,1.0944852694160574
2020-12-04,1.0944852694160574
2020-12-07,1.0944852694160574
2020-12-08,1.0944852694160574
2020-12-09,1.0944852694160574
2020-12-10,1.1465202906881014
2020-12-11,1.1459470305427573
2020-12-14,1.1459470305427573
2020-12-15,1.1459470305427573
2020-12-16,1.1459470305427573
2020-12-17,1.1459470305427573
2020-12-18,1.1432740200155007
2020-12-21,1.142702383005493
2020-12-22,1.142702383005493
2020-12-23,1.142702383005493
2020-12-24,1.142702383005493
2020-12-28,1.142702383005493
2020-12-29,1.2144759592565295
2020-12-30,1.2138687212769013
2020-12-31,1.2138687212769013
2021-01-01,1.2138687212769013
2021-01-04,1.2138687212769013
2021-01-05,1.2138687212769013
2021-01-06,1.25125483930043
2021-01-07,1.2506292118807798
2021-01-08,1.2506292118807798
2021-01-11,1.2506292118807798
2021-01-12,1.2506292118807798
2021-01-13,1.2506292118807798
2021-01-14,1.246316548481558
2021-01-15,1.2456933902073173
2021-01-18,1.2456933902073173
2021-01-19,1.2456933902073173
2021-01-20,1.2456933902073173
2021-01-21,1.2456933902073173
2021-01-22,1.1953987694003598
2021-01-25,1.1948010700156597
2021-01-27,1.1948010700156597
2021-01-28,1.1948010700156597
2021-01-29,1.1948010700156597
2021-02-01,1.1948010700156597
2021-02-02,1.4196617363427575
2021-02-03,1.4189519054745863
2021-02-04,1.4189519054745863
2021-02-05,1.4189519054745863
2021-02-08,1.4189519054745863
2021-02-09,1.4189519054745863
2021-02-10,1.4275678429002248
2021-02-11,1.4268540589787748
2021-02-12,1.4268540589787748
2021-02-15,1.4268540589787748
2021-02-16,1.4268540589787748
2021-02-17,1.4268540589787748
2021-02-18,1.4595358898667337
2021-02-19,1.4588061219218005
2021-02-22,1.4588061219218005
2021-02-23,1.4588061219218005
2021-02-24,1.4588061219218005
2021-02-25,1.4588061219218005
2021-02-26,1.388705707156019
2021-03-01,1.388011354302441
2021-03-02,1.388011354302441
2021-03-03,1.388011354302441
2021-03-04,1.388011354302441
2021-03-05,1.388011354302441
2021-03-08,1.3828824362252243
2021-03-09,1.3821909950071118
2021-03-10,1.3821909950071118
2021-03-12,1.3821909950071118
2021-03-15,1.3821909950071118
2021-03-16,1.3821909950071118
2021-03-17,1.3398984930082345
2021-03-18,1.3392285437617304
2021-03-19,1.3392285437617304
2021-03-22,1.3392285437617304
2021-03-23,1.3392285437617304
2021-03-24,1.3392285437617304
2021-03-25,1.2970304363527712
2021-03-26,1.2963819211345948
2021-03-30,1.2963819211345948
2021-03-31,1.2963819211345948
2021-04-01,1.2963819211345948
2021-04-05,1.2963819211345948
2021-04-06,1.2613702344806286
2021-04-07,1.2607395493633884
2021-04-08,1.2607395493633884
2021-04-09,1.2607395493633884
2021-04-12,1.1932444800967275
2021-04-13,1.1926478578566793
2021-04-15,1.1926478578566793
2021-04-16,1.1926478578566793
2021-04-19,1.1198960394563289
2021-04-20,1.1193360914366008
2021-04-22,1.1193360914366008
2021-04-23,1.1193360914366008
2021-04-26,1.1193360914366008
2021-04-27,1.1193360914366008
2021-04-28,1.25933290154436
2021-04-29,1.2587032350935878
2021-04-30,1.2587032350935878
2021-05-03,1.2587032350935878
2021-05-04,1.2587032350935878
2021-05-05,1.2587032350935878
2021-05-06,1.2655484930776637
2021-05-07,1.2649157188311249
2021-05-10,1.2649157188311249
2021-05-11,1.2649157188311249
2021-05-12,1.2649157188311249
2021-05-14,1.2649157188311249
2021-05-17,1.2760223842401457
2021-05-18,1.2753843730480257
2021-05-19,1.2753843730480257
2021-05-20,1.2753843730480257
2021-05-21,1.2753843730480257
2021-05-24,1.2753843730480257
2021-05-25,1.324631856363746
2021-05-26,1.3239695404355643
2021-05-27,1.3239695404355643
2021-05-28,1.3239695404355643
2021-05-31,1.3239695404355643
2021-06-01,1.3239695404355643
2021-06-02,1.3229483663655028
2021-06-03,1.32228689218232
2021-06-04,1.32228689218232
2021-06-07,1.32228689218232
2021-06-08,1.32228689218232
2021-06-09,1.32228689218232
2021-06-10,1.3591454374744352
2021-06-11,1.358465864755698
2021-06-14,1.358465864755698
2021-06-15,1.358465864755698
2021-06-16,1.358465864755698
2021-06-17,1.358465864755698
2021-06-18,1.42946430114318
2021-06-21,1.4287495689926084
2021-06-22,1.4287495689926084
2021-06-23,1.4287495689926084
2021-06-24,1.4287495689926084
2021-06-25,1.4287495689926084
2021-06-28,1.4624429904535583
2021-06-29,1.4617117689583317
2021-06-30,1.4617117689583317
2021-07-01,1.4617117689583317
2021-07-02,1.4617117689583317
2021-07-05,1.4617117689583317
2021-07-06,1.449228863812823
2021-07-07,1.4485042493809166
2021-07-08,1.4485042493809166
2021-07-09,1.4485042493809166
2021-07-12,1.4485042493809166
2021-07-13,1.4485042493809166
2021-07-14,1.4879479718025437
2021-07-15,1.4872039978166425
2021-07-16,1.4872039978166425
2021-07-19,1.4872039978166425
2021-07-20,1.4872039978166425
2021-07-22,1.4872039978166425
2021-07-23,1.4532235438357173
2021-07-26,1.4524969320637995
2021-07-27,1.4524969320637995
2021-07-28,1.4524969320637995
2021-07-29,1.4524969320637995
2021-07-30,1.4524969320637995
2021-08-02,1.4605721090550852
2021-08-03,1.4598418230005576
2021-08-04,1.4598418230005576
2021-08-05,1.4598418230005576
2021-08-06,1.4598418230005576
2021-08-09,1.4598418230005576
2021-08-10,1.474101037044332
2021-08-11,1.47336398652581
2021-08-12,1.47336398652581
2021-08-13,1.47336398652581
2021-08-16,1.47336398652581
2021-08-17,1.47336398652581
2021-08-18,1.5764772783806096
2021-08-20,1.5756890397414194
2021-08-23,1.5756890397414194
2021-08-24,1.5756890397414194
2021-08-25,1.5756890397414194
2021-08-26,1.5756890397414194
2021-08-27,1.606669566523742
2021-08-30,1.6058662317404802
2021-08-31,1.6058662317404802
2021-09-01,1.6058662317404802
2021-09-02,1.6058662317404802
2021-09-03,1.6058662317404802
2021-09-06,1.633621365334769
2021-09-07,1.6328045546521017
2021-09-08,1.6328045546521017
2021-09-09,1.6328045546521017
2021-09-13,1.6328045546521017
2021-09-14,1.6328045546521017
2021-09-15,1.6421591286275894
2021-09-16,1.6413380490632756
2021-09-17,1.6413380490632756
2021-09-20,1.6413380490632756
2021-09-21,1.6413380490632756
2021-09-22,1.6413380490632756
2021-09-23,1.647742732958115
2021-09-24,1.646918861591636
2021-09-27,1.6049700949959822
2021-09-28,1.6041676099484843
2021-09-29,1.6041676099484843
2021-09-30,1.6041676099484843
2021-10-01,1.6041676099484843
2021-10-04,1.6041676099484843
2021-10-05,1.6862826537115623
2021-10-06,1.6854395123847066
2021-10-07,1.6854395123847066
2021-10-08,1.6854395123847066
2021-10-11,1.6854395123847066
2021-10-12,1.6854395123847066
2021-10-13,1.6525970741263343
2021-10-14,1.6517707755892712
2021-10-18,1.6517707755892712
2021-10-19,1.604650666422145
2021-10-20,1.603848341088934
2021-10-21,1.603848341088934
2021-10-22,1.603848341088934
2021-10-25,1.603848341088934
2021-10-26,1.603848341088934
2021-10-27,1.5412042144469287
2021-10-28,1.5404336123397053
2021-10-29,1.5404336123397053
2021-11-01,1.5404336123397053
2021-11-02,1.5404336123397053
2021-11-03,1.5404336123397053
2021-11-04,1.6285434716018954
2021-11-08,1.6277291998660945
2021-11-09,1.6277291998660945
2021-11-10,1.6277291998660945
2021-11-11,1.6277291998660945
2021-11-12,1.5557510430511454
2021-11-15,1.55497316752962
2021-11-16,1.55497316752962
2021-11-17,1.55497316752962
2021-11-18,1.55497316752962
2021-11-22,1.4896702167180371
2021-11-23,1.4889253816096781
2021-11-24,1.4889253816096781
2021-11-25,1.4889253816096781
2021-11-26,1.4201800309553767
2021-11-29,1.4194699409398992
2021-11-30,1.4194699409398992
2021-12-01,1.4194699409398992
2021-12-02,1.4194699409398992
2021-12-03,1.4194699409398992
2021-12-06,1.356293628629309
2021-12-07,1.3556154818149944
2021-12-08,1.3556154818149944
2021-12-09,1.3556154818149944
2021-12-10,1.3556154818149944
2021-12-13,1.3556154818149944
2021-12-14,1.3744130687391762
2021-12-15,1.3737258622048067
2021-12-16,1.3737258622048067
2021-12-17,1.3737258622048067
2021-12-20,1.3256323125945548
2021-12-21,1.3249694964382577
2021-12-22,1.3249694964382577
2021-12-23,1.3249694964382577
2021-12-24,1.3249694964382577
2021-12-27,1.3249694964382577
2021-12-28,1.3700229214177397
2021-12-29,1.3693379099570309
2021-12-30,1.3693379099570309
2021-12-31,1.3693379099570309
2022-01-03,1.3693379099570309
2022-01-04,1.3693379099570309
2022-01-05,1.470840331771094
2022-01-06,1.4701049116052085
2022-01-07,1.4701049116052085
2022-01-10,1.4701049116052085
2022-01-11,1.4701049116052085
2022-01-12,1.4701049116052085
2022-01-13,1.5296507789038016
2022-01-14,1.5288859535143497
2022-01-17,1.5288859535143497
2022-01-18,1.5288859535143497
2022-01-19,1.5288859535143497
2022-01-20,1.5288859535143497
2022-01-21,1.512178650723148
2022-01-24,1.5114225613977865
2022-01-25,1.5114225613977865
2022-01-27,1.5114225613977865
2022-01-28,1.5114225613977865
2022-01-31,1.5114225613977865
2022-02-01,1.6410774558693624
2022-02-02,1.6402569171414279
2022-02-03,1.6402569171414279
2022-02-04,1.5809466678146515
2022-02-07,1.5801561944807443
2022-02-08,1.5801561944807443
2022-02-09,1.5801561944807443
2022-02-10,1.5801561944807443
2022-02-11,1.5801561944807443
2022-02-14,1.5247303656943059
2022-02-15,1.5239680005114589
2022-02-16,1.5239680005114589
2022-02-17,1.5239680005114589
2022-02-18,1.5239680005114589
2022-02-21,1.5239680005114589
2022-02-22,1.5197883364375966
2022-02-23,1.5190284422693778
2022-02-24,1.5190284422693778
2022-02-25,1.5190284422693778
2022-02-28,1.5190284422693778
2022-03-02,1.5190284422693778
2022-03-03,1.545892395100142
2022-03-04,1.545119448902592
2022-03-07,1.545119448902592
2022-03-08,1.545119448902592
2022-03-09,1.545119448902592
2022-03-10,1.545119448902592
2022-03-11,1.6441729792187147
2022-03-14,1.6433508927291054
2022-03-15,1.6433508927291054
2022-03-16,1.6433508927291054
2022-03-17,1.6433508927291054
2022-03-21,1.6433508927291054
2022-03-22,1.6670075040873318
2022-03-23,1.6661740003352883
2022-03-24,1.6661740003352883
2022-03-25,1.6661740003352883
2022-03-28,1.6661740003352883
2022-03-29,1.6661740003352883
2022-03-30,1.682990661372258
2022-03-31,1.682149166041572
2022-04-01,1.682149166041572
2022-04-04,1.682149166041572
2022-04-05,1.682149166041572
2022-04-06,1.682149166041572
2022-04-07,1.7359216980744936
2022-04-08,1.7350537372254564
2022-04-11,1.7350537372254564
2022-04-12,1.7350537372254564
2022-04-13,1.7350537372254564
2022-04-18,1.7350537372254564
2022-04-19,1.752528680005521
2022-04-20,1.7516524156655184
2022-04-21,1.7516524156655184
2022-04-22,1.7516524156655184
2022-04-25,1.7516524156655184
2022-04-26,1.7516524156655184
2022-04-27,1.7359448761802005
2022-04-28,1.7350769037421105
2022-04-29,1.7350769037421105
2022-05-02,1.67210187666595
2022-05-04,1.671265825727617
2022-05-05,1.671265825727617
2022-05-06,1.671265825727617
2022-05-09,1.671265825727617
2022-05-10,1.671265825727617
2022-05-11,1.6094009388455475
2022-05-12,1.6085962383761248
2022-05-13,1.6085962383761248
2022-05-16,1.6085962383761248
2022-05-17,1.6085962383761248
2022-05-18,1.6085962383761248
2022-05-19,1.7383325436961183
2022-05-20,1.7374633774242705
2022-05-23,1.7374633774242705
2022-05-24,1.7374633774242705
2022-05-25,1.7374633774242705
2022-05-26,1.7374633774242705
2022-05-27,1.6993748471200367
2022-05-30,1.6985251596964768
2022-05-31,1.6985251596964768
2022-06-01,1.6985251596964768
2022-06-02,1.6985251596964768
2022-06-03,1.6985251596964768
2022-06-06,1.7787548342979644
2022-06-07,1.7778654568808157
2022-06-08,1.7778654568808157
2022-06-09,1.7778654568808157
2022-06-10,1.7778654568808157
2022-06-13,1.7186005032952547
2022-06-14,1.7177412030436072
2022-06-15,1.7177412030436072
2022-06-16,1.7177412030436072
2022-06-17,1.7177412030436072
2022-06-20,1.7177412030436072
2022-06-21,1.7420547844992762
2022-06-22,1.7411837571070266
2022-06-23,1.7411837571070266
2022-06-24,1.7411837571070266
2022-06-27,1.7411837571070266
2022-06-28,1.7411837571070266
2022-06-29,1.7963571917651167
2022-06-30,1.7954590131692343
2022-07-01,1.7188519017264652
2022-07-04,1.717992475775602
2022-07-05,1.717992475775602
2022-07-06,1.717992475775602
2022-07-07,1.717992475775602
2022-07-08,1.717992475775602
2022-07-11,1.7935389183478327
2022-07-12,1.792642148888659
2022-07-13,1.792642148888659
2022-07-14,1.792642148888659
2022-07-15,1.792642148888659
2022-07-18,1.792642148888659
2022-07-19,1.8673351980819692
2022-07-20,1.8664015304829285
2022-07-21,1.8664015304829285
2022-07-22,1.8664015304829285
2022-07-25,1.8664015304829285
2022-07-26,1.8664015304829285
2022-07-27,1.932797934360475
2022-07-28,1.9318315353932949
2022-07-29,1.9318315353932949
2022-08-01,1.9318315353932949
2022-08-02,1.9318315353932949
2022-08-03,1.9318315353932949
2022-08-04,1.9220524544074042
2022-08-05,1.9210914281802007
2022-08-08,1.9210914281802007
2022-08-10,1.9210914281802007
2022-08-11,1.9210914281802007
2022-08-12,1.9210914281802007
2022-08-16,2.0113959854134413
2022-08-17,2.010390287420735
2022-08-18,2.010390287420735
2022-08-19,2.010390287420735
2022-08-22,1.9603769810325231
2022-08-23,1.959396792542007
2022-08-24,1.959396792542007
2022-08-25,1.959396792542007
2022-08-26,1.959396792542007
2022-08-29,1.959396792542007
2022-08-30,1.9755040255548235
2022-09-01,1.9745162735420463
2022-09-02,1.9745162735420463
2022-09-05,1.9745162735420463
2022-09-06,1.9745162735420463
2022-09-07,1.9745162735420463
2022-09-08,2.054551930878355
2022-09-09,2.053524654912916
2022-09-12,2.053524654912916
2022-09-13,2.053524654912916
2022-09-14,2.053524654912916
2022-09-15,2.053524654912916
2022-09-16,2.061682577424602
2022-09-19,2.06065173613589
2022-09-20,2.06065173613589
2022-09-21,2.06065173613589
2022-09-22,2.06065173613589
2022-09-23,2.0036642516279004
2022-09-26,2.0026624195020863
2022-09-27,2.0026624195020863
2022-09-28,2.0026624195020863
2022-09-29,2.0026624195020863
2022-09-30,2.0026624195020863
2022-10-03,1.9616424268937507
2022-10-04,1.960661605680304
2022-10-06,1.960661605680304
2022-10-07,1.8953513975506058
2022-10-10,1.8944037218518306
2022-10-11,1.8944037218518306
2022-10-12,1.8944037218518306
2022-10-13,1.8312028840172012
2022-10-14,1.8302872825751928
2022-10-17,1.8302872825751928
2022-10-18,1.8302872825751928
2022-10-19,1.8302872825751928
2022-10-20,1.8302872825751928
2022-10-21,1.8042325637207954
2022-10-24,1.8033304474389351
2022-10-25,1.8033304474389351
2022-10-27,1.8033304474389351
2022-10-28,1.8033304474389351
2022-10-31,1.8033304474389351
2022-11-01,1.905444839300033
2022-11-02,1.904492116880383
2022-11-03,1.904492116880383
2022-11-04,1.904492116880383
2022-11-07,1.904492116880383
2022-11-09,1.904492116880383
2022-11-10,1.93563113953275
2022-11-11,1.9346633239629836
2022-11-14,1.9346633239629836
2022-11-15,1.9346633239629836
2022-11-16,1.9346633239629836
2022-11-17,1.9346633239629836
2022-11-18,1.929693925908736
2022-11-21,1.9287290789457818
2022-11-22,1.9287290789457818
2022-11-23,1.9287290789457818
2022-11-24,1.9287290789457818
2022-11-25,1.9287290789457818
2022-11-28,1.9452119365746132
2022-11-29,1.944239330606326
2022-11-30,1.944239330606326
2022-12-01,1.944239330606326
2022-12-02,1.944239330606326
2022-12-05,1.944239330606326
2022-12-06,1.9207736829342505
2022-12-07,1.9198132960927836
2022-12-08,1.9198132960927836
2022-12-09,1.9198132960927836
2022-12-12,1.9198132960927836
2022-12-13,1.9198132960927836
2022-12-14,1.91144855886638
2022-12-15,1.910492834586947
2022-12-16,1.910492834586947
2022-12-19,1.910492834586947
2022-12-20,1.910492834586947
2022-12-21,1.910492834586947
2022-12-22,1.8809648989997474
2022-12-23,1.8800244165502475
2022-12-26,1.8800244165502475
2022-12-27,1.8800244165502475
2022-12-28,1.8800244165502475
2022-12-29,1.8800244165502475
2022-12-30,1.908148520056847
2023-01-02,1.9071944457968188
2023-01-03,1.9071944457968188
2023-01-04,1.9071944457968188
2023-01-05,1.9071944457968188
2023-01-06,1.9071944457968188
2023-01-09,1.885146783055232
2023-01-10,1.8842042096637044
2023-01-11,1.8842042096637044
2023-01-12,1.8842042096637044
2023-01-13,1.8359053615843055
2023-01-16,1.8349874089035134
2023-01-17,1.8349874089035134
2023-01-18,1.8349874089035134
2023-01-19,1.8349874089035134
2023-01-20,1.8349874089035134
2023-01-23,1.876005716240185
2023-01-24,1.875067713382065
2023-01-25,1.8246766676039643
2023-01-27,1.8237643292701624
2023-01-30,1.8237643292701624
2023-01-31,1.8237643292701624
2023-02-01,1.8237643292701624
2023-02-02,1.8237643292701624
2023-02-03,1.856058585525224
2023-02-06,1.8551305562324616
2023-02-07,1.8551305562324616
2023-02-08,1.8551305562324616
2023-02-09,1.8551305562324616
2023-02-10,1.8551305562324616
2023-02-13,1.8186754109347938
2023-02-14,1.8177660732293266
2023-02-15,1.8177660732293266
2023-02-16,1.8177660732293266
2023-02-17,1.8242302142482525
2023-02-20,1.8233180991411284
2023-02-21,1.8233180991411284
2023-02-22,1.8233180991411284
2023-02-23,1.8233180991411284
2023-02-24,1.8233180991411284
2023-02-27,1.8266722156425854
2023-02-28,1.8257588795347641
2023-03-01,1.8257588795347641
2023-03-02,1.8257588795347641
2023-03-03,1.8257588795347641
2023-03-06,1.8257588795347641
2023-03-08,1.8569837693350584
2023-03-09,1.856055277450391
2023-03-10,1.856055277450391
2023-03-13,1.7884325019843894
2023-03-14,1.7875382857333972
2023-03-15,1.7875382857333972
2023-03-16,1.7875382857333972
2023-03-17,1.7875382857333972
2023-03-20,1.7875382857333972
2023-03-21,1.82405955954915
2023-03-22,1.8231475297693756
2023-03-23,1.8231475297693756
2023-03-24,1.8231475297693756
2023-03-27,1.8231475297693756
2023-03-28,1.8231475297693756
2023-03-29,1.850028779804403
2023-03-31,1.849103765414501
2023-04-03,1.849103765414501
2023-04-05,1.849103765414501
2023-04-06,1.849103765414501
2023-04-10,1.849103765414501
2023-04-11,1.9059350221081768
2023-04-12,1.9049820545971228
2023-04-13,1.9049820545971228
2023-04-17,1.9049820545971228
2023-04-18,1.9049820545971228
2023-04-19,1.9049820545971228
2023-04-20,1.9271381083283183
2023-04-21,1.9261745392741543
2023-04-24,1.9261745392741543
2023-04-25,1.9261745392741543
2023-04-26,1.9261745392741543
2023-04-27,1.9261745392741543
2023-04-28,1.9982286335512205
2023-05-02,1.997229519234445
2023-05-03,1.997229519234445
2023-05-04,1.997229519234445
2023-05-05,1.997229519234445
2023-05-08,1.997229519234445
2023-05-09,2.0526157071114364
2023-05-10,2.051589399257881
2023-05-11,2.051589399257881
2023-05-12,2.051589399257881
2023-05-15,2.051589399257881
2023-05-16,2.051589399257881
2023-05-17,2.040822027237223
2023-05-18,2.0398016162236043
2023-05-19,2.0398016162236043
2023-05-22,2.0398016162236043
2023-05-23,2.0398016162236043
2023-05-24,2.0398016162236043
2023-05-25,2.1366162272103035
2023-05-26,2.1355479190966986
2023-05-29,2.1355479190966986
2023-05-30,2.1355479190966986
2023-05-31,2.1355479190966986
2023-06-01,2.1355479190966986
2023-06-02,2.1656319664448986
2023-06-05,2.1645491504616765
2023-06-06,2.1645491504616765
2023-06-07,2.1645491504616765
2023-06-08,2.1645491504616765
2023-06-09,2.1645491504616765
2023-06-12,2.129064986275859
2023-06-13,2.128000453782721
2023-06-14,2.128000453782721
2023-06-15,2.128000453782721
2023-06-16,2.128000453782721
2023-06-19,2.076401065686574
2023-06-20,2.075362865153731
2023-06-21,2.075362865153731
2023-06-22,2.075362865153731
2023-06-23,2.075362865153731
2023-06-26,2.0238252236132457
2023-06-27,2.022813311001439
2023-06-28,2.022813311001439
2023-06-30,2.022813311001439
2023-07-03,2.022813311001439
2023-07-04,2.022813311001439
2023-07-05,1.9959873377193096
2023-07-06,1.99498934405045
2023-07-07,1.99498934405045
2023-07-10,1.99498934405045
2023-07-11,1.99498934405045
2023-07-12,1.99498934405045
2023-07-13,1.9792904879365893
2023-07-14,1.9783008426926212
2023-07-17,1.9783008426926212
2023-07-18,1.9783008426926212
2023-07-19,1.9783008426926212
2023-07-20,1.9783008426926212
2023-07-21,2.0437776872851714
2023-07-24,2.042755798441529
2023-07-25,1.9931549080017696
2023-07-26,1.9921583305477688
2023-07-27,1.9921583305477688
2023-07-28,1.9921583305477688
2023-07-31,1.9921583305477688
2023-08-01,1.9921583305477688
2023-08-02,1.9418062074738445
2023-08-03,1.9408353043701077
2023-08-04,1.9408353043701077
2023-08-07,1.9408353043701077
2023-08-08,1.9408353043701077
2023-08-09,1.9408353043701077
2023-08-10,1.9250136721496456
2023-08-11,1.9240511653135708
2023-08-14,1.9240511653135708
2023-08-16,1.8704892416796237
2023-08-17,1.869553997058784
2023-08-18,1.869553997058784
2023-08-21,1.869553997058784
2023-08-22,1.869553997058784
2023-08-23,1.869553997058784
2023-08-24,1.9105676952597008
2023-08-25,1.9096124114120712
2023-08-28,1.9096124114120712
2023-08-29,1.9096124114120712
2023-08-30,1.9096124114120712
2023-08-31,1.9096124114120712
2023-09-01,1.8917153719349125
2023-09-04,1.8907695142489451
2023-09-05,1.8907695142489451
2023-09-06,1.8907695142489451
2023-09-07,1.8907695142489451
2023-09-08,1.8907695142489451
2023-09-11,1.925562439808367
2023-09-12,1.924599658588463
2023-09-13,1.924599658588463
2023-09-14,1.924599658588463
2023-09-15,1.924599658588463
2023-09-18,1.924599658588463
2023-09-20,1.9268278818633542
2023-09-21,1.9258644679224226
2023-09-22,1.9258644679224226
2023-09-25,1.9258644679224226
2023-09-26,1.9258644679224226
2023-09-27,1.9258644679224226
2023-09-28,1.8958667648928251
2023-09-29,1.8949188315103789
2023-10-03,1.8949188315103789
2023-10-04,1.8949188315103789
2023-10-05,1.8949188315103789
2023-10-06,1.8949188315103789
2023-10-09,1.8916093024955374
2023-10-10,1.8906634978442898
2023-10-11,1.8906634978442898
2023-10-12,1.8906634978442898
2023-10-13,1.8906634978442898
2023-10-16,1.8380546344686859
2023-10-17,1.8371356071514517
2023-10-18,1.8371356071514517
2023-10-19,1.8371356071514517
2023-10-20,1.7975385370253072
2023-10-23,1.7966397677567947
2023-10-25,1.7966397677567947
2023-10-26,1.7966397677567947
2023-10-27,1.7966397677567947
2023-10-30,1.7966397677567947
2023-10-31,1.7608047876681219
2023-11-01,1.7599243852742879
2023-11-02,1.7599243852742879
2023-11-03,1.7599243852742879
2023-11-06,1.7599243852742879
2023-11-07,1.7599243852742879
2023-11-08,1.7872674760825802
2023-11-09,1.786373842344539
2023-11-10,1.786373842344539
2023-11-13,1.786373842344539
2023-11-15,1.786373842344539
2023-11-16,1.786373842344539
2023-11-17,1.7441720840494854
2023-11-20,1.7432999980074608
2023-11-21,1.7432999980074608
2023-11-22,1.7432999980074608
2023-11-23,1.7432999980074608
2023-11-24,1.7432999980074608
2023-11-28,1.7348551469574596
2023-11-29,1.733987719383981
2023-11-30,1.733987719383981
2023-12-01,1.733987719383981
2023-12-04,1.733987719383981
2023-12-05,1.733987719383981
2023-12-06,1.784949229659596
2023-12-07,1.7840567550447661
2023-12-08,1.7840567550447661
2023-12-11,1.7840567550447661
2023-12-12,1.7840567550447661
2023-12-13,1.7840567550447661
2023-12-14,1.8127874039070089
2023-12-15,1.8118810102050555
2023-12-18,1.8118810102050555
2023-12-19,1.8118810102050555
2023-12-20,1.8118810102050555
2023-12-21,1.8118810102050555
2023-12-22,1.8117710835129055
2023-12-26,1.8108651979711492
2023-12-27,1.8108651979711492
2023-12-28,1.8108651979711492
2023-12-29,1.8108651979711492
2024-01-01,1.8108651979711492
2024-01-02,1.798706166757082
2024-01-03,1.7978068136737035
2024-01-04,1.7978068136737035
2024-01-05,1.7978068136737035
2024-01-08,1.7978068136737035
2024-01-09,1.7978068136737035
2024-01-10,1.8034243021549383
2024-01-11,1.802522590003861
2024-01-12,1.802522590003861
2024-01-15,1.802522590003861
2024-01-16,1.802522590003861
2024-01-17,1.7636298420988679
2024-01-18,1.7627480271778184
2024-01-19,1.7627480271778184
2024-01-23,1.7627480271778184
2024-01-24,1.7627480271778184
2024-01-25,1.7159831040202556
2024-01-29,1.7151251124682456
2024-01-30,1.7151251124682456
2024-01-31,1.7151251124682456
2024-02-01,1.7151251124682456
2024-02-02,1.7151251124682456
2024-02-05,1.6799438032042235
2024-02-06,1.6791038313026214
2024-02-07,1.6791038313026214
2024-02-08,1.6791038313026214
2024-02-09,1.6791038313026214
2024-02-12,1.6791038313026214
2024-02-13,1.6936068903090218
2024-02-14,1.6927600868638675
2024-02-15,1.6927600868638675
2024-02-16,1.6927600868638675
2024-02-19,1.6927600868638675
2024-02-20,1.6927600868638675
2024-02-21,1.745768841668288
2024-02-22,1.7448959572474538
2024-02-23,1.7448959572474538
2024-02-26,1.6910584795161754
2024-02-27,1.6902129502764174
2024-02-28,1.6902129502764174
2024-02-29,1.6902129502764174
2024-03-01,1.6902129502764174
2024-03-04,1.6902129502764174
2024-03-05,1.7089613834435153
2024-03-06,1.7081069027517937
2024-03-07,1.7081069027517937
2024-03-11,1.7081069027517937
2024-03-12,1.7081069027517937
2024-03-13,1.7081069027517937
2024-03-14,1.7460106915017282
2024-03-15,1.7451376861559773
2024-03-18,1.7451376861559773
2024-03-19,1.7451376861559773
2024-03-20,1.7451376861559773
2024-03-21,1.7451376861559773
2024-03-22,1.7263882999584539
2024-03-26,1.7255251058084748
2024-03-27,1.7255251058084748
2024-03-28,1.7255251058084748
2024-04-01,1.7255251058084748
2024-04-02,1.7255251058084748
2024-04-03,1.753439493501571
2024-04-04,1.7525627737548202
2024-04-05,1.7525627737548202
2024-04-08,1.7525627737548202
2024-04-09,1.7525627737548202
2024-04-10,1.7525627737548202
2024-04-12,1.7720742900247834
2024-04-15,1.771188252879771
2024-04-16,1.771188252879771
2024-04-18,1.718062079695849
2024-04-19,1.7172030486560013
2024-04-22,1.7172030486560013
2024-04-23,1.7172030486560013
2024-04-24,1.7172030486560013
2024-04-25,1.7172030486560013
2024-04-26,1.8236514335280127
2024-04-29,1.8227396078112488
2024-04-30,1.8227396078112488
2024-05-02,1.8227396078112488
2024-05-03,1.8227396078112488
2024-05-06,1.8227396078112488
2024-05-07,1.823484509641123
2024-05-08,1.8225727673863026
2024-05-09,1.8225727673863026
2024-05-10,1.8225727673863026
2024-05-13,1.8225727673863026
2024-05-14,1.8225727673863026
2024-05-15,1.8258838764975218
2024-05-16,1.824970934559273
2024-05-17,1.824970934559273
2024-05-21,1.824970934559273
2024-05-22,1.824970934559273
2024-05-23,1.824970934559273
2024-05-24,1.7917102431480811
2024-05-27,1.7908143880265073
2024-05-28,1.7908143880265073
2024-05-29,1.7908143880265073
2024-05-30,1.743586089766488
2024-05-31,1.742714296721605
2024-06-03,1.694901895024165
2024-06-04,1.694054444076653
2024-06-05,1.694054444076653
2024-06-06,1.694054444076653
2024-06-07,1.694054444076653
2024-06-10,1.694054444076653
2024-06-11,1.7774212780741097
2024-06-12,1.7765325674350727
2024-06-13,1.7765325674350727
2024-06-14,1.7765325674350727
2024-06-18,1.7765325674350727
2024-06-19,1.7765325674350727
2024-06-20,1.7776948556956225
2024-06-21,1.7768060082677748
2024-06-24,1.7768060082677748
2024-06-25,1.7768060082677748
2024-06-26,1.7768060082677748
2024-06-27,1.7768060082677748
2024-06-28,1.825075426654124
2024-07-01,1.824162888940797
2024-07-02,1.824162888940797
2024-07-03,1.824162888940797
2024-07-04,1.824162888940797
2024-07-05,1.824162888940797
2024-07-08,1.880916422416074
2024-07-09,1.879975964204866
2024-07-10,1.879975964204866
2024-07-11,1.879975964204866
2024-07-12,1.879975964204866
2024-07-15,1.879975964204866
2024-07-16,1.856946996597364
2024-07-18,1.8560185230990653
2024-07-19,1.8560185230990653
2024-07-22,1.8560185230990653
2024-07-23,1.8560185230990653
2024-07-24,1.8560185230990653
2024-07-25,1.8557792655942171
2024-07-26,1.85485137596142
2024-07-29,1.85485137596142
2024-07-30,1.85485137596142
2024-07-31,1.85485137596142
2024-08-01,1.85485137596142
2024-08-02,1.9046055005743885
2024-08-05,1.9036531978241014
2024-08-06,1.9036531978241014
2024-08-07,1.9036531978241014
2024-08-08,1.9036531978241014
2024-08-09,1.9036531978241014
2024-08-12,1.9378369838914082
2024-08-13,1.9368680653994625
2024-08-14,1.9368680653994625
2024-08-16,1.9368680653994625
2024-08-19,1.9368680653994625
2024-08-20,1.9368680653994625
2024-08-21,1.9591570843400796
2024-08-22,1.9581775057979096
2024-08-23,1.9581775057979096
2024-08-26,1.9581775057979096
2024-08-27,1.9581775057979096
2024-08-28,1.9581775057979096
2024-08-29,1.9626484370845318
2024-08-30,1.9616671128659897
2024-09-02,1.9616671128659897
2024-09-03,1.9616671128659897
2024-09-04,1.9616671128659897
2024-09-05,1.9616671128659897
2024-09-06,1.948958796946047
2024-09-09,1.947984317547574
2024-09-10,1.947984317547574
2024-09-11,1.947984317547574
2024-09-12,1.947984317547574
2024-09-13,1.947984317547574
2024-09-16,1.966962803538132
2024-09-17,1.965979322136363
2024-09-18,1.965979322136363
2024-09-19,1.965979322136363
2024-09-20,1.965979322136363
2024-09-23,1.965979322136363
2024-09-24,2.0780643481767656
2024-09-25,2.0770253160026773
2024-09-26,2.0770253160026773
2024-09-27,2.0770253160026773
2024-09-30,2.035700220605505
2024-10-01,2.034682370495202
2024-10-03,1.991537686348751
2024-10-04,1.9905419175055767
2024-10-07,1.9905419175055767
2024-10-08,1.9905419175055767
2024-10-09,1.9390671105369537
2024-10-10,1.9380975769816853
2024-10-11,1.9380975769816853
2024-10-14,1.9380975769816853
2024-10-15,1.9380975769816853
2024-10-16,1.9380975769816853
2024-10-17,1.9210185500520516
2024-10-18,1.9200580407770256
2024-10-21,1.9200580407770256
2024-10-22,1.9200580407770256
2024-10-23,1.9200580407770256
2024-10-24,1.9200580407770256
2024-10-25,1.9508778610596964
2024-10-28,1.9499024221291668
2024-10-29,1.9499024221291668
2024-10-30,1.9499024221291668
2024-10-31,1.8846196528621935
2024-11-01,1.8836773430357625
2024-11-04,1.8836773430357625
2024-11-05,1.8836773430357625
2024-11-06,1.8836773430357625
2024-11-07,1.8836773430357625
2024-11-08,1.9010957560081243
2024-11-11,1.9001452081301204
2024-11-12,1.9001452081301204
2024-11-13,1.9001452081301204
2024-11-14,1.8390475151630152
2024-11-18,1.8381279914054338
2024-11-19,1.8381279914054338
2024-11-21,1.8381279914054338
2024-11-22,1.8381279914054338
2024-11-25,1.8381279914054338
2024-11-26,1.913902230975284
2024-11-27,1.9129452798597966
2024-11-28,1.9129452798597966
2024-11-29,1.9129452798597966
2024-12-02,1.9129452798597966
2024-12-03,1.9129452798597966
2024-12-04,1.9276603639761618
2024-12-05,1.926696533794174
2024-12-06,1.926696533794174
2024-12-09,1.926696533794174
2024-12-10,1.926696533794174
2024-12-11,1.926696533794174
2024-12-12,1.9797349960986155
2024-12-13,1.9787451286005662
2024-12-16,1.9787451286005662
2024-12-17,1.9787451286005662
2024-12-18,1.9787451286005662
2024-12-19,1.9168595590823807
2024-12-20,1.9159011293028396
2024-12-23,1.9159011293028396
2024-12-24,1.9159011293028396
2024-12-26,1.9159011293028396
2024-12-27,1.9159011293028396
2024-12-30,1.9385141413812392
2024-12-31,1.9375448843105487
2025-01-01,1.9375448843105487
2025-01-02,1.9375448843105487
2025-01-03,2.003488242249641
2025-01-06,2.0024864981285164
2025-01-07,2.0024864981285164
2025-01-08,2.0024864981285164
2025-01-09,2.0024864981285164
2025-01-10,2.0024864981285164
2025-01-13,1.9484480507404593
2025-01-14,1.9474738267150893
2025-01-15,1.9474738267150893
2025-01-16,1.9474738267150893
2025-01-17,1.9474738267150893
2025-01-20,1.9474738267150893
2025-01-21,1.929931657481619
2025-01-22,1.9289666916528783
2025-01-23,1.9289666916528783
2025-01-24,1.9289666916528783
2025-01-27,1.875195724334799
2025-01-28,1.8742581264726317
2025-01-29,1.8742581264726317
2025-01-30,1.8742581264726317
2025-01-31,1.8742581264726317
2025-02-01,1.8742581264726317
2025-02-03,1.8766762646430926
2025-02-04,1.8757379265107712
2025-02-05,1.8757379265107712
2025-02-06,1.8757379265107712
2025-02-07,1.8757379265107712
2025-02-10,1.8757379265107712
2025-02-11,1.8490441813881002
2025-02-12,1.8481196592974063
2025-02-13,1.8481196592974063
2025-02-14,1.8481196592974063
2025-02-17,1.8451309407334826
2025-02-18,1.844208375263116
2025-02-19,1.844208375263116
2025-02-20,1.844208375263116
2025-02-21,1.844208375263116
2025-02-24,1.795695560096015
2025-02-25,1.794797712315967
2025-02-27,1.794797712315967
2025-02-28,1.794797712315967
2025-03-03,1.794797712315967
2025-03-04,1.794797712315967
2025-03-05,1.8018432961778112
2025-03-06,1.8009423745297224
2025-03-07,1.8009423745297224
2025-03-10,1.8009423745297224
2025-03-11,1.8009423745297224
2025-03-12,1.8009423745297224
2025-03-13,1.8263682345905154
2025-03-17,1.8254550504732203
2025-03-18,1.8254550504732203
2025-03-19,1.8254550504732203
2025-03-20,1.8254550504732203
2025-03-21,1.9310817529133788
2025-03-24,1.9301162120369222
2025-03-25,1.9301162120369222
2025-03-26,1.9301162120369222
2025-03-27,1.9301162120369222
2025-03-28,1.9301162120369222
2025-04-01,1.8895505398027406
2025-04-02,1.8886057645328393
2025-04-03,1.8886057645328393
2025-04-04,1.8886057645328393
2025-04-07,1.8886057645328393
2025-04-08,1.8886057645328393
2025-04-09,1.8705982090601627
2025-04-11,1.8696629099556328
2025-04-15,1.8696629099556328
2025-04-16,1.8696629099556328
2025-04-17,1.8696629099556328
2025-04-21,1.8696629099556328
2025-04-22,1.9656213039420054
2025-04-23,1.9646384932900345
2025-04-24,1.9646384932900345
2025-04-25,1.9646384932900345
2025-04-28,1.9646384932900345
2025-04-29,1.9646384932900345
2025-04-30,1.9054290750308684
2025-05-02,1.9044763604933532
2025-05-05,1.9044763604933532
2025-05-06,1.9044763604933532
2025-05-07,1.9044763604933532
2025-05-08,1.9044763604933532
2025-05-09,1.8412997178029038
2025-05-12,1.8403790679440024
2025-05-13,1.8403790679440024
2025-05-14,1.8403790679440024
2025-05-15,1.8403790679440024
2025-05-16,1.8403790679440024
2025-05-19,1.8357958620494477
2025-05-20,1.834877964118423
2025-05-21,1.834877964118423
2025-05-22,1.834877964118423
2025-05-23,1.834877964118423
2025-05-26,1.834877964118423
2025-05-27,1.8316421895834145
2025-05-28,1.8307263684886228
2025-05-29,1.8307263684886228
2025-05-30,1.8307263684886228
2025-06-02,1.8307263684886228
2025-06-03,1.8307263684886228
2025-06-04,1.8280241622829718
2025-06-05,1.8271101502018305
2025-06-06,1.8271101502018305
2025-06-09,1.8271101502018305
2025-06-10,1.8271101502018305
2025-06-11,1.8271101502018305
2025-06-12,1.8246118187425024
2025-06-13,1.8236995128331313
2025-06-16,1.8236995128331313
2025-06-17,1.8236995128331313
2025-06-18,1.8236995128331313
2025-06-19,1.8236995128331313
2025-06-20,1.8668853089601256
2025-06-23,1.8659518663056456
2025-06-24,1.8659518663056456
2025-06-25,1.8659518663056456
2025-06-26,1.8659518663056456
2025-06-27,1.8659518663056456
2025-06-30,1.8817866517791983
2025-07-01,1.880845758453309
2025-07-02,1.880845758453309
2025-07-03,1.880845758453309
2025-07-04,1.880845758453309
2025-07-07,1.880845758453309
2025-07-08,1.8927688297266874
2025-07-09,1.8918224453118242
2025-07-10,1.8918224453118242
2025-07-11,1.8918224453118242
2025-07-14,1.845139830860739
2025-07-15,1.8442172609453087
2025-07-16,1.8442172609453087
2025-07-17,1.8442172609453087
2025-07-18,1.8442172609453087
2025-07-21,1.8442172609453087
2025-07-22,1.8225686543148611
2025-07-23,1.821657369987704
2025-07-24,1.821657369987704
2025-07-25,1.821657369987704
2025-07-28,1.7803303497324114
2025-07-29,1.7794401845575454
2025-07-30,1.7794401845575454
2025-07-31,1.7794401845575454
2025-08-01,1.7794401845575454
2025-08-04,1.7794401845575454
2025-08-05,1.793576366701381
2025-08-06,1.7926795785180305
2025-08-07,1.7926795785180305
2025-08-08,1.7926795785180305
2025-08-11,1.7926795785180305
2025-08-12,1.7926795785180305
2025-08-13,1.7919642840730923
2025-08-14,1.7910683019310558
2025-08-18,1.7910683019310558
2025-08-19,1.7910683019310558
2025-08-20,1.7910683019310558
2025-08-21,1.7910683019310558
2025-08-22,1.7565710862456
2025-08-25,1.7556928007024775
2025-08-26,1.7556928007024775
2025-08-28,1.721806885572285
2025-08-29,1.720945982129499
2025-09-01,1.720945982129499
2025-09-02,1.720945982129499
2025-09-03,1.720945982129499
2025-09-04,1.720945982129499
2025-09-05,1.727581835206172
2025-09-08,1.726718044288569
2025-09-09,1.726718044288569
2025-09-10,1.726718044288569
2025-09-11,1.726718044288569
2025-09-12,1.726718044288569
2025-09-15,1.713539786775497
2025-09-16,1.7126830168821092
2025-09-17,1.7126830168821092
2025-09-18,1.7126830168821092
2025-09-19,1.7126830168821092
2025-09-22,1.7126830168821092
2025-09-23,1.6977262323116644
2025-09-24,1.6968773691955086
2025-09-25,1.6968773691955086
2025-09-26,1.6968773691955086
2025-09-29,1.6968773691955086
2025-09-30,1.6968773691955086
2025-10-01,1.718731679974443
2025-10-03,1.7178723141344558
2025-10-06,1.7178723141344558
2025-10-07,1.7178723141344558
2025-10-08,1.7178723141344558
2025-10-09,1.7178723141344558
2025-10-10,1.7127465265144126
2025-10-13,1.7118901532511555
2025-10-14,1.7118901532511555
2025-10-15,1.7118901532511555
2025-10-16,1.7118901532511555
2025-10-17,1.7118901532511555
2025-10-20,1.7691564742013328
2025-10-21,1.7682718959642323
2025-10-23,1.7682718959642323
2025-10-24,1.7682718959642323
2025-10-27,1.7682718959642323
2025-10-28,1.7682718959642323
2025-10-29,1.7487568443865593
2025-10-30,1.7478824659643661
2025-10-31,1.7478824659643661
2025-11-03,1.7478824659643661
2025-11-04,1.7478824659643661
2025-11-05,1.7478824659643661
2025-11-06,1.7236585661722852
2025-11-07,1.7227967368891992
2025-11-10,1.7227967368891992
2025-11-11,1.7227967368891992
2025-11-12,1.7227967368891992
2025-11-13,1.7227967368891992
2025-11-14,1.738188082015785
2025-11-17,1.737318987974777
2025-11-18,1.737318987974777
2025-11-19,1.737318987974777
2025-11-20,1.737318987974777
2025-11-21,1.737318987974777
2025-11-24,1.7335562656914345
2025-11-25,1.732689487558589
2025-11-26,1.732689487558589
2025-11-27,1.732689487558589
2025-11-28,1.732689487558589
2025-12-01,1.732689487558589
2025-12-02,1.7454646604438837
2025-12-03,1.744591928113662
2025-12-04,1.744591928113662
2025-12-05,1.744591928113662
2025-12-08,1.744591928113662
2025-12-09,1.744591928113662
2025-12-10,1.7624023967941673
2025-12-11,1.7615211955957704
2025-12-12,1.7615211955957704
2025-12-15,1.7615211955957704
2025-12-16,1.7223436170664095
2025-12-17,1.7214824452578763
2025-12-18,1.7214824452578763
2025-12-19,1.7214824452578763
2025-12-22,1.7214824452578763
2025-12-23,1.7214824452578763
2025-12-24,1.762872707065729
2025-12-25,1.7619912707121963
2025-12-26,1.7619912707121963
2025-12-29,1.7619912707121963
2025-12-30,1.7619912707121963
2025-12-31,1.7619912707121963
2026-01-01,1.8321297775949237
2026-01-02,1.8312137127061263
2026-01-05,1.8312137127061263
2026-01-06,1.8312137127061263
2026-01-07,1.8312137127061263
2026-01-08,1.8312137127061263
2026-01-09,1.8271380315936554
2026-01-12,1.8262244625778588
2026-01-13,1.8262244625778588
2026-01-14,1.795780061463167
