threshold,top_k,round_trip_cost,exit_threshold,trend_filter,CAGR,Sharpe,MaxDrawdown,TotalReturn,Days,Score
0.5,5,0.0005,0.52,True,0.2955952411803706,1.3922466696033644,-0.29753709090410796,4.007304124661057,2272,1.2428955692341892
0.51,5,0.0005,0.52,True,0.25005071251472333,1.205780543270393,-0.2857512247746885,3.008005880723447,2272,1.052194777205059
0.5,3,0.0005,0.48,False,0.3264324341881826,1.2145426047687122,-0.34382296197228646,4.79629166246071,2272,1.0374139654473378
0.5,5,0.001,0.52,True,0.2426385606930035,1.1858685539208687,-0.30104195033702663,2.8624446848258973,2272,1.0178265618591484
0.52,5,0.0005,0.48,True,0.2327287636766897,1.1374550818277427,-0.274469232525847,2.674786461622173,2272,0.987698324910072
0.51,3,0.0005,0.48,False,0.31492433186321955,1.14437611105756,-0.3635439071261364,4.490475280863057,2272,0.9480182849156167
0.51,3,0.0005,0.5,False,0.3116493655173853,1.139437553766197,-0.35656099282594245,4.405964620027902,2272,0.9476835691606584
0.5,5,0.0005,0.48,True,0.24743423641140838,1.1561715390739198,-0.3617847153665208,2.9561063562940477,2272,0.9409740377041258
0.5,3,0.0005,0.52,True,0.2571429722605061,1.144377185255768,-0.36009548382176093,3.1515675987441067,2272,0.933443689876511
0.5,3,0.0005,0.5,False,0.2855541787498359,1.1159573522301776,-0.34382296197228646,3.7707372524830722,2272,0.9265652362772991
0.52,3,0.0005,0.48,True,0.2552283443604797,1.1366402035933907,-0.3612618420534488,3.112393074409651,2272,0.9241992332587754
0.5,3,0.001,0.48,False,0.28625616055261127,1.0969310841464497,-0.3454619695902602,3.786964995026321,2272,0.9064383566400249
0.54,1,0.0005,0.52,True,0.27031344076777075,1.0716995035879462,-0.32743349274263445,3.4296254669054074,2272,0.8908467416241699
0.54,5,0.0005,0.48,False,0.1762330796228806,0.9759162844004224,-0.23130723517022533,1.7447125303309865,2272,0.8437404201511065
0.52,5,0.0005,0.5,False,0.24711034735353565,1.0802740206343917,-0.3905820447824816,2.949721217315331,2272,0.8419414890144671
0.52,3,0.0005,0.5,False,0.26964477282209987,1.030597084070894,-0.35656099282594167,3.415141482409437,2272,0.8262417216567706
0.54,3,0.0005,0.48,False,0.20150483326277202,0.9765063346736257,-0.2664313173757278,2.13274032924769,2272,0.8238127307518751
0.56,5,0.0005,0.48,False,0.12006286057026028,0.9395140097334107,-0.19321556485224967,1.0244509458256696,2272,0.8209604160226891
0.54,1,0.001,0.52,True,0.24663451050453866,0.997727466289918,-0.328945632648739,2.940356272432242,2272,0.8085613133222885
0.56,5,0.0005,0.48,True,0.11809221269840497,0.9086737322396461,-0.17703444775072086,1.0023964113866644,2272,0.8024738378485908
0.5,3,0.0005,0.48,True,0.25114312253074345,1.0773229446901065,-0.4409730959774413,3.029842993743917,2272,0.7998874046673765
0.52,3,0.0005,0.48,False,0.25546695262486785,0.9986031601288494,-0.34668877459635195,3.1172581652824736,2272,0.7978922262392281
0.51,5,0.0005,0.48,True,0.20852873480676726,1.0202917593263108,-0.3617847153665208,2.2484117787183675,2272,0.7934226074751243
0.51,5,0.0005,0.5,False,0.23413838304218548,1.024180407713581,-0.38154420377783704,2.7010033381348317,2272,0.7891865596039669
0.5,3,0.001,0.5,False,0.24376245401215813,0.9863062467143366,-0.3454619695902602,2.8842260954485264,2272,0.7830654072457759
0.56,3,0.0005,0.48,False,0.1344862638328801,0.9211076587744941,-0.22349692323325754,1.1921639887854156,2272,0.782655999337752
0.51,3,0.0005,0.48,True,0.23887012503983018,1.0628421582410137,-0.4409730959774413,2.790157722816574,2272,0.7817247189710097
0.51,5,0.001,0.52,True,0.18758541984843613,0.9537535914783479,-0.2893148884569767,1.9137014628857747,2272,0.7785773066672973
0.51,3,0.001,0.48,False,0.2615325796906307,0.9924791484089576,-0.3679852026089312,3.2425653854922922,2272,0.7765507602290018
0.51,3,0.001,0.5,False,0.25732856284316874,0.9835384385561551,-0.3623281155964978,3.1553814946313983,2272,0.7708745149319076
0.5,5,0.0005,0.48,False,0.23364372264469302,1.0040844472163921,-0.38154420377783704,2.6917855543006857,2272,0.7689422009875302
0.52,5,0.001,0.48,True,0.1807265737735939,0.9246848286726765,-0.27664337729551125,1.810590169977511,2272,0.7575880989683457
0.56,5,0.0005,0.5,False,0.10929778286619918,0.8698264559430698,-0.19416914515167405,0.9064145560587618,2272,0.7472804746815904
0.5,3,0.001,0.52,True,0.2096911265114454,0.9720138458063134,-0.36360661089794677,2.267895644307152,2272,0.7440358950413897
0.52,5,0.0005,0.5,True,0.17695750686181522,0.9077385624855974,-0.274469232525847,1.7552446203055547,2272,0.7412504285234643
0.51,3,0.0005,0.52,True,0.21057809026250962,0.9581115846888163,-0.3636858363692007,2.2828287070144673,2272,0.7303363426722085
0.5,5,0.001,0.48,True,0.19668665056221024,0.9596613330666692,-0.36306034824651334,2.055408860151599,2272,0.7282190496381216
0.52,3,0.001,0.48,True,0.20547156777215125,0.9546351470860396,-0.3622195899602486,2.1976327372064715,2272,0.726500945449486
0.56,5,0.001,0.48,False,0.10765802929881008,0.8534151968729267,-0.20442789012939977,0.8889526973078294,2272,0.7221702935590499
0.56,5,0.001,0.48,True,0.10695466214322069,0.8332387396250244,-0.1848185067151923,0.8815037349592332,2272,0.7174703328958367
0.54,5,0.0005,0.5,False,0.1542569506986713,0.8703850362174634,-0.24915849151724212,1.4408791283522828,2272,0.7173353282132711
0.56,3,0.001,0.48,False,0.12282420150407192,0.8518995734782232,-0.22679129122213038,1.0556972310079358,2272,0.7073138009517405
0.54,3,0.001,0.48,False,0.1747079318584892,0.8697828794754936,-0.2689952797116999,1.7226495674694728,2272,0.7069990352636804
0.54,5,0.001,0.48,False,0.1481518451666748,0.8443972007748768,-0.2322678608497193,1.361672321681429,2272,0.7030284656451038
0.52,5,0.0005,0.48,False,0.20865362706499746,0.952657865828553,-0.3905820447824816,2.2505005210381923,2272,0.702788318122067
0.56,3,0.0005,0.5,False,0.11777102067065282,0.8259140653360606,-0.21499412886549796,0.9988209700297304,2272,0.689250068444858
0.51,5,0.0005,0.48,False,0.2076087780642124,0.9279829672186911,-0.38154420377783704,2.233060775728554,2272,0.6850302376156852
0.5,5,0.0005,0.5,True,0.1835873979324829,0.9136478249613185,-0.3617847153665208,1.8532191313771622,2272,0.6792962720478466
0.56,5,0.0005,0.5,True,0.09949446784554805,0.7935356786612818,-0.18301849025542682,0.804002416784408,2272,0.6769692268106048
0.58,5,0.0005,0.48,True,0.07021802291323742,0.7354251758043262,-0.10329147396347083,0.5252082994190179,2272,0.6738574035075207
0.54,1,0.0005,0.48,True,0.23403590356183046,0.9550236880601309,-0.4463460185571161,2.6990920925092245,2272,0.6681576442829873
0.5,5,0.0005,0.52,False,0.18140360971251246,0.8699760586018926,-0.3276600909180759,1.8206300392665327,2272,0.6622690687811856
0.5,3,0.001,0.48,True,0.21427207915412905,0.9498990350370363,-0.4434840048657134,2.3456387723923835,2272,0.6593934548907043
0.52,3,0.001,0.5,False,0.21760193069111966,0.8739736038040296,-0.3623281155964977,2.4031186039373216,2272,0.6493916905341672
0.56,5,0.001,0.5,False,0.09674757291416736,0.7813945448231776,-0.2053682180010019,0.7761493607688759,2272,0.6461242422966262
0.51,5,0.0005,0.52,False,0.1816730518249725,0.8520545834008402,-0.3257155886183576,1.8246340013378068,2272,0.6459840280536457
0.5,3,0.002,0.48,False,0.2094895258882914,0.8614317695415745,-0.34872893580825515,2.264509427651423,2272,0.6452954786614579
0.54,1,0.002,0.52,True,0.20057560821618403,0.8495645934033826,-0.33426010270228124,2.117699864702352,2272,0.6423291937064128
0.5,5,0.0005,0.5,False,0.1932339712790221,0.8895158021892149,-0.38154420377783704,2.0009844728003565,2272,0.6422506305506519
0.52,5,0.001,0.5,False,0.19330144267984228,0.8878744878724987,-0.39240824281470066,2.0020401716978906,2272,0.6319383264246907
0.54,3,0.0005,0.5,False,0.15586374862376462,0.7950631318794362,-0.2664313173757282,1.4620920944328093,2272,0.628677202565983
0.52,3,0.001,0.48,False,0.20487691192376434,0.8425407748335559,-0.3483206239499388,2.187833410531329,2272,0.6253473492507342
0.52,1,0.0005,0.48,False,0.33462767286120165,0.9836232819382058,-0.584773712226136,5.022679423841508,2272,0.6161926140156574
0.58,5,0.001,0.48,True,0.06399702931225759,0.6761313367891163,-0.10888051421931055,0.4708896053821525,2272,0.6082260342073451
0.51,3,0.0005,0.52,False,0.1993555198218242,0.8325605088122439,-0.3565609928259418,2.098043541368323,2272,0.6071183704980376
0.5,3,0.0005,0.5,True,0.19640761865937084,0.8994646981755792,-0.4409730959774413,2.050979953405264,2272,0.6056085069914373
0.56,3,0.001,0.5,False,0.10592501350555539,0.7541384104686749,-0.22629879632625183,0.8706437787418777,2272,0.60487687745934
0.52,3,0.0005,0.5,True,0.1759501970995656,0.8393613599257482,-0.3612618420534488,1.740609024317247,2272,0.6031369454128588
0.54,5,0.0005,0.48,True,0.13451820113028234,0.8033321555589507,-0.30976768084224204,1.1925478921996655,2272,0.5958734712242417
0.58,5,0.0005,0.48,False,0.06289054331371435,0.6797695862588921,-0.13180014252159467,0.4614005069733116,2272,0.5931966352357306
0.54,1,0.0005,0.5,True,0.21484924126026894,0.884894745455409,-0.4463460185571161,2.35554293569383,2272,0.5922727029877969
0.54,1,0.001,0.48,True,0.2122997998369569,0.8851581744271375,-0.44731442857743764,2.3119791973685055,2272,0.5909965715162744
0.56,3,0.0005,0.48,True,0.09444303136083665,0.7038697174931663,-0.17929831504112737,0.7530609525385297,2272,0.5887639748685154
0.51,3,0.001,0.48,True,0.18966611613419748,0.8840195647408051,-0.4434840048657134,1.9456016656957291,2272,0.5861321956884937
0.54,5,0.0005,0.52,False,0.12750821247817523,0.7622545619129291,-0.26810048220893556,1.109625231553356,2272,0.5860266398892332
0.51,5,0.001,0.5,False,0.1812690644166599,0.8359714754211379,-0.3833974848444768,1.8186324538688905,2272,0.5836342068705545
0.56,5,0.001,0.5,True,0.08757976208719653,0.7100062205025098,-0.19639305697504272,0.685786710225182,2272,0.5791657035486346
0.51,5,0.0005,0.5,True,0.15623515693405365,0.8147478239025178,-0.3617847153665208,1.467017382478721,2272,0.5721905986895173
0.5,5,0.002,0.52,True,0.1430946343235926,0.7707899361924516,-0.30800189317872717,1.297704929595588,2272,0.5673168119465476
0.54,5,0.001,0.5,False,0.12565896495845608,0.7344944685606584,-0.26586998280287666,1.0881943603750184,2272,0.5594961718058938
0.56,3,0.002,0.48,False,0.09984995825869003,0.7132142410119221,-0.24293488886411985,0.807633670465046,2272,0.5488213173982333
0.56,5,0.002,0.48,True,0.0850031332329313,0.6820241389841893,-0.20087456728356257,0.6610964036354487,2272,0.5468254251272187
0.54,3,0.0005,0.48,True,0.12568578413377085,0.7296776831073246,-0.27795050990718995,1.0885038560711022,2272,0.5450230104217039
0.52,1,0.001,0.48,False,0.30250308178007734,0.9167303683190834,-0.5868454369430653,4.175704228594163,2272,0.5380049432986542
0.52,1,0.0005,0.48,True,0.25030621715152357,0.8754894158478885,-0.519875069057435,3.0131044616018494,2272,0.5346812257473976
0.56,5,0.002,0.48,False,0.0832499449611761,0.6810888088702187,-0.22641119359153117,0.644470735681467,2272,0.5249348374853466
0.5,5,0.001,0.48,False,0.16955057359759462,0.780382814974517,-0.3833974848444768,1.6491419004794787,2272,0.524529999178214
0.5,3,0.0005,0.52,False,0.1630298188436683,0.7424436791659511,-0.3341634755931855,1.5585925091124357,2272,0.5240218443445032
0.51,5,0.001,0.48,True,0.14707708241728334,0.7689429543652818,-0.36306034824651334,1.347954347382744,2272,0.5226178004932561
0.55,5,0.0005,0.48,False,0.11380272364972033,0.7160366073939282,-0.28626546312681744,0.9550868576256375,2272,0.5211650539873903
0.58,5,0.001,0.48,False,0.055947679402116535,0.6119356675247395,-0.13635170376808747,0.40302404617935506,2272,0.5196386083309045
0.54,5,0.0005,0.52,True,0.12267047500961925,0.7531882803678168,-0.3394522539403302,1.0539471465288361,2272,0.5184276197184385
0.54,1,0.001,0.5,True,0.1932591707597724,0.8155335237157033,-0.44731442857743764,2.001378722865385,2272,0.5156597320816849
0.52,5,0.001,0.5,True,0.12785202420059183,0.6974854510167593,-0.27664337729551125,1.1136299322021772,2272,0.5145263564405278
0.56,3,0.001,0.48,True,0.08410753843771857,0.6375938058100019,-0.18706096110875425,0.6525858486115352,2272,0.513177298454314
0.53,1,0.0005,0.48,False,0.2891517130523047,0.9127654078781563,-0.6099093279321962,3.8543921444857405,2272,0.5115834594480907
0.54,1,0.0005,0.48,False,0.25185110225555474,0.8523006559026769,-0.5231722274782077,3.0440486583198174,2272,0.5093182045967771
0.5,5,0.001,0.5,True,0.14469620097053948,0.7543714304081459,-0.36306034824651334,1.317803430711157,2272,0.5073320121020971
0.54,3,0.001,0.5,False,0.12863176761060502,0.6820849854159907,-0.2689952797116997,1.1227359901859746,2272,0.5054782919298124
0.57,5,0.0005,0.48,False,0.0625427866926469,0.6401188221873296,-0.193090312308142,0.4584288180659155,2272,0.50440940834861
0.51,3,0.001,0.52,True,0.15439359272518716,0.7495004283967356,-0.36717726334369427,1.4426770897772285,2272,0.5020766955393363
0.55,5,0.0005,0.48,True,0.10210243412758846,0.6793532783260553,-0.2757103410286774,0.8307850723935679,2272,0.4894157357413899
0.56,3,0.0005,0.52,False,0.08832400897995996,0.6513079245010301,-0.2370076299438444,0.6929754444961349,2272,0.4881990232399427
0.51,5,0.001,0.48,False,0.15741057287582239,0.7465400347401493,-0.3833974848444768,1.4826592368001976,2272,0.48704521872731454
0.52,5,0.001,0.48,False,0.1553886016202013,0.7537357103230777,-0.39240824281470066,1.4558031497538675,2272,0.4864256965573776
0.54,3,0.0005,0.52,False,0.13145110170906227,0.6909758488508521,-0.3118965053818681,1.1559361982889738,2272,0.4808939750580762
0.56,5,0.0005,0.52,False,0.07079173948771644,0.6195955378456691,-0.20578933710270297,0.5303013750204211,2272,0.47620159000982165
0.5,5,0.001,0.5,False,0.15221769155321097,0.7368206395148206,-0.3833974848444768,1.4141778592800596,2272,0.4757679591052024
0.54,3,0.002,0.48,False,0.12287472606105476,0.6563209663227649,-0.27409825881478944,1.0562726961367424,2272,0.47390477708924983
0.58,5,0.002,0.48,True,0.05165871474786199,0.5575454854689029,-0.12555344317705197,0.36794959690040185,2272,0.47260034535161993
0.5,3,0.001,0.5,True,0.16133637739688833,0.7703350719883413,-0.4434840048657134,1.5355065339165335,2272,0.463948781314837
0.51,3,0.0005,0.5,True,0.15916019629427391,0.7687379145386115,-0.4409730959774413,1.5060964644233192,2272,0.4637074966449406
0.58,3,0.0005,0.48,True,0.050590824276040225,0.5490565762096841,-0.12937739992795494,0.35933194171737837,2272,0.4607319035501322
0.53,1,0.0005,0.48,True,0.229340652236232,0.8263910552989232,-0.5487324470473827,2.6124093014315686,2272,0.4562072933318867
0.5,3,0.002,0.5,False,0.16418174575196787,0.7268145190607244,-0.40569692383509415,1.5743968426198114,2272,0.4515115037182394
0.54,5,0.001,0.48,True,0.11006294500670322,0.6802517191255988,-0.32900502541930987,0.9146090615854905,2272,0.45006658229216184
0.55,5,0.0005,0.5,False,0.09870740060477612,0.6412252794887329,-0.27696446529052143,0.7959844807549037,2272,0.4492659274377485
0.54,1,0.001,0.48,False,0.22940571061292925,0.7978339404950915,-0.5238872008915774,2.613598641432011,2272,0.44754589296570835
0.52,1,0.001,0.48,True,0.22099644859085488,0.7995001872711017,-0.5241784131057101,2.4625654980099014,2272,0.44645639136379006
0.57,5,0.0005,0.5,False,0.054795871276649866,0.5796356871989676,-0.18978331367136647,0.39353145913769505,2272,0.4442477976448694
0.56,5,0.002,0.5,False,0.07206235690887453,0.6044138028725545,-0.22732553825846913,0.5416319034950767,2272,0.44417207933844155
0.54,1,0.002,0.48,True,0.1699538114767889,0.7454736653792797,-0.44924689367840076,1.6548285504183275,2272,0.4370622938795957
0.56,3,0.002,0.5,False,0.08259963874507692,0.610336740525556,-0.24843027171761167,0.6383394296523655,2272,0.4363724147749898
0.5,5,0.001,0.52,False,0.12902169046917633,0.6644324865277729,-0.33400865235609,1.1273019508160274,2272,0.43593207178365373
0.51,3,0.002,0.48,False,0.16112874487770923,0.6884595485202555,-0.37677830931077616,1.5326880373457952,2272,0.43537552453494727
0.53,1,0.001,0.48,False,0.2599440504009163,0.8462944452496081,-0.6145848467640731,3.209443415692072,2272,0.4326097829586244
0.57,3,0.0005,0.48,False,0.059865315415601694,0.5767512594443411,-0.20341506570620982,0.43571835672380654,2272,0.4319788015040538
0.54,3,0.001,0.48,True,0.10359292755248006,0.62343878211313,-0.2795739030383829,0.8462410636066424,2272,0.43085753794816767
0.56,3,0.0005,0.5,True,0.07487236499493455,0.5835720120954833,-0.22743891199336574,0.5669399365597869,2272,0.424082591999271
0.53,3,0.0005,0.48,False,0.1391538855338723,0.6555165866490025,-0.3421385593404267,1.2488731775139055,2272,0.42355190483682276
0.54,5,0.0005,0.5,True,0.10739990065069938,0.6618983675148818,-0.3386054405512853,0.8862161338386705,2272,0.4232339852690635
0.56,3,0.0005,0.52,True,0.07021271722068212,0.5730184591885629,-0.2217272577300965,0.52516126546799,2272,0.4167004681706903
0.52,3,0.001,0.5,True,0.1310172280427604,0.6653192980163072,-0.3622195899602486,1.150798757492331,2272,0.4148487944609364
0.54,5,0.001,0.52,False,0.0971441578555774,0.6095625217782366,-0.28313649743530467,0.7801482285796224,2272,0.41219657118666597
0.55,5,0.0005,0.5,True,0.08266155199437542,0.5741666873041948,-0.23643836541752028,0.6389223410338556,2272,0.40981446056849125
0.52,3,0.0005,0.52,False,0.15859607018807576,0.6958330572176176,-0.4174523918224079,1.4985194699979933,2272,0.40944996481611395
0.57,5,0.001,0.48,False,0.05293179798464909,0.5522938650999835,-0.20011441599323831,0.37828298193464605,2272,0.4080818717007876
0.56,3,0.001,0.52,False,0.07679007781703762,0.5787269543212665,-0.24348989451571001,0.5844110254468391,2272,0.40697206205380976
0.54,5,0.002,0.48,False,0.09396475279160033,0.5814991434032981,-0.25693982058592857,0.7483009463885972,2272,0.40413671277203533
0.58,3,0.001,0.48,True,0.04566041244841568,0.5012230952660741,-0.13950718279001484,0.32013286484359926,2272,0.403315472768587
0.51,3,0.002,0.5,False,0.15530605648374274,0.6717438213004358,-0.39924786749807584,1.4547119755810645,2272,0.39893734424709787
0.57,5,0.0005,0.48,True,0.056466621978897624,0.5183920977639168,-0.1716820457301237,0.4073185920961706,2272,0.39798644777348713
0.56,5,0.0005,0.52,True,0.06570013411130393,0.550998731496641,-0.21860277769102643,0.48559626159637115,2272,0.3958265495772111
0.51,1,0.0005,0.48,False,0.2732725872229589,0.8108553009392006,-0.6291352021423259,3.4942030763162624,2272,0.38952891539222745
0.5,1,0.0005,0.48,False,0.24676323723778015,0.7858809928567719,-0.5942014948806156,2.9428879025386725,2272,0.38454876812361344
0.55,5,0.001,0.48,False,0.09194308556929487,0.6004791165917206,-0.30476407490470225,0.7283002035037853,2272,0.3842507823387472
0.56,5,0.002,0.5,True,0.06412759093689502,0.5426377663674592,-0.22249855424811893,0.4720126898345607,2272,0.3838772002500326
0.53,3,0.0005,0.48,True,0.12287693772186659,0.6363951006601855,-0.36177167322140125,1.0562978896224848,2272,0.3838408433996245
0.52,1,0.002,0.48,False,0.24053232492076848,0.7830300306726119,-0.5909594637363054,2.821901164368924,2272,0.3824221571597981
0.51,3,0.001,0.52,False,0.13772972879851864,0.6302003100788706,-0.36232811559649825,1.2314414096715387,2272,0.3816567362412276
0.54,3,0.0005,0.52,True,0.1009353532024766,0.6134031247184376,-0.32936276871110814,0.818758713110455,2272,0.3801935157102941
0.5,3,0.002,0.48,True,0.14373204720050703,0.6946023095737512,-0.44847390310052726,1.305686404572329,2272,0.3789428012534815
0.54,1,0.0005,0.5,False,0.2020787636883814,0.7329110695754729,-0.5231722274782071,2.142060368564245,2272,0.3749969166994216
0.53,1,0.001,0.48,True,0.2020679148635829,0.7541158112392409,-0.550646980840416,2.1418839792923916,2272,0.3742186010259829
0.58,5,0.002,0.48,False,0.042192582368223874,0.47610546054696046,-0.14580682797325728,0.2931340493095398,2272,0.37211777287882175
0.54,1,0.0005,0.52,False,0.20349469302098533,0.7290514580142318,-0.5231722274782074,2.1651531743321906,2272,0.3715620839379615
0.51,5,0.001,0.52,False,0.11587463725019687,0.6001406093761994,-0.3314140086194184,0.9778198524231478,2272,0.36977179365572377
0.56,5,0.001,0.52,False,0.05786875534353486,0.5205444463241978,-0.21703076914445174,0.41897725567222355,2272,0.3642804576116969
0.5,3,0.002,0.52,True,0.12006080130445329,0.6259247653519293,-0.3738216856466663,1.024427793571181,2272,0.3628856572259322
0.54,1,0.002,0.5,True,0.15120780009364165,0.6767857976399589,-0.44924689367840076,1.4010457633942202,2272,0.36275062272533076
0.56,3,0.002,0.48,True,0.06372086809231736,0.5048180300234029,-0.20258574050237665,0.46851644963783934,2272,0.36186569804919677
0.57,3,0.001,0.48,False,0.05188439411095325,0.5091962833539768,-0.21015986097670192,0.3697766387207173,2272,0.3566337128059013
0.54,5,0.001,0.52,True,0.09652908427585727,0.6179892256945706,-0.36529201875444106,0.7739495063674711,2272,0.35471433597377494
0.51,5,0.001,0.5,True,0.10839525938170702,0.6085357994053072,-0.36306034824651334,0.896786832780518,2272,0.3506060986226086
0.53,1,0.0005,0.5,True,0.1864971356119638,0.7295435294766974,-0.5487324470473827,1.8971322482074942,2272,0.3465067125223804
0.57,5,0.001,0.5,False,0.045254955527141094,0.4899226033046451,-0.1970370457537125,0.31695196304961626,2272,0.34586945335981745
0.56,3,0.001,0.5,True,0.06463607804624338,0.5158651724455081,-0.23742092572299855,0.4763935320154049,2272,0.3453192552809823
0.55,5,0.001,0.48,True,0.08047242746120098,0.5578720783015177,-0.3006467697945685,0.6184172078330177,2272,0.3414963907042232
0.52,1,0.0005,0.5,False,0.22462636937567315,0.7493371810419366,-0.5942014948806157,2.5270967276236282,2272,0.34136389595014593
0.54,3,0.001,0.52,False,0.10213236679688165,0.5673784433556996,-0.32508857216808906,0.8310943936311226,2272,0.3379472956602929
0.5,3,0.001,0.52,False,0.11598511694962643,0.5740519809109068,-0.3407911327065324,0.9790382363103529,2272,0.3362146098305689
0.52,3,0.002,0.48,True,0.11176309860927391,0.5904425453837591,-0.36451856574248276,0.932922725112993,2272,0.33235662237255503
0.56,3,0.001,0.52,True,0.059424312778653565,0.49763909545866575,-0.2319751721683967,0.4320063718223137,2272,0.3298862515575445
0.58,3,0.0005,0.48,False,0.04450404596209068,0.4760518091863329,-0.20504580909887926,0.3110778929573006,2272,0.3253663756958567
0.54,1,0.002,0.48,False,0.1856989312155224,0.688887911345399,-0.525314467797227,1.885029854373454,2272,0.32434601647227407
0.53,5,0.0005,0.48,True,0.09385793524803798,0.5457158566558724,-0.31422637777914353,0.7472393416065886,2272,0.322492135006969
0.51,1,0.001,0.48,False,0.2420254390860681,0.749482720578095,-0.630800967619063,2.850605470590444,2272,0.31744957820866493
0.54,1,0.001,0.5,False,0.1803359392442203,0.6776530833924309,-0.5238872008915776,1.8048110476376973,2272,0.31264410445243485
0.58,5,0.0005,0.5,False,0.037150311439306805,0.4325622958788184,-0.1648213457788359,0.25470513679161844,2272,0.3118503126875417
0.53,5,0.0005,0.5,False,0.10731625268704392,0.5726589486224413,-0.3674543389988727,0.8853300499818064,2272,0.31089035322945624
0.55,5,0.001,0.5,False,0.0767543323925104,0.5225283791761187,-0.29482288988755,0.584083882364306,2272,0.30969636698383185
0.54,1,0.001,0.52,False,0.18049159575276996,0.6718851053528726,-0.5238872008915771,1.8071126635969135,2272,0.3069228233654419
0.57,5,0.001,0.48,True,0.0469105938345431,0.44291153176615816,-0.18808993186588785,0.32998144415349295,2272,0.3065127644238108
0.5,1,0.001,0.48,False,0.2161666501781574,0.7194217303866426,-0.5972347322849544,2.378242030817367,2272,0.3064839396121263
0.51,1,0.0005,0.5,False,0.21465417365169204,0.7173495697216741,-0.5942014948806156,2.3521928057089867,2272,0.30638462591268917
0.59,5,0.0005,0.48,False,0.0313394870171988,0.39872917266494323,-0.1285216485205214,0.21161197800622,2272,0.30531369995368574
0.54,3,0.0005,0.5,True,0.08469076304839507,0.5279608540431422,-0.3105654862662782,0.6581238809880618,2272,0.30491569394463813
0.5,5,0.002,0.48,True,0.10126663557274762,0.5660421325282791,-0.36560492279308443,0.8221657027782283,2272,0.3039381849656358
0.52,5,0.002,0.48,True,0.08317568902848294,0.4986471483066828,-0.2809737607583379,0.6437696533421915,2272,0.29882084640855733
0.56,5,0.001,0.52,True,0.0536855358566255,0.46469594789626584,-0.232163313460781,0.38443175027949117,2272,0.29507095788462867
0.53,5,0.0005,0.48,False,0.10185353252569684,0.5497157278981012,-0.3674543389988727,0.8282146459101136,2272,0.28630831645671206
0.58,3,0.002,0.48,True,0.03586523785677098,0.4056706794646687,-0.1628656031324115,0.24506592156732365,2272,0.28613776831577087
0.55,3,0.0005,0.48,False,0.08650376539146776,0.5358598327910586,-0.34664363102164664,0.6754388836910226,2272,0.28449605759118163
0.56,1,0.0005,0.48,False,0.10153367458921592,0.5698701415830917,-0.39668495341805543,0.8249158952770155,2272,0.2829822812254121
0.53,3,0.001,0.48,False,0.10478333329989442,0.5313405206109311,-0.35193648698751145,0.8586637498499508,2272,0.28122633101089023
0.54,5,0.001,0.5,True,0.08278886562578713,0.5362423226425391,-0.35671351817215613,0.6401215420121029,2272,0.2757081677925504
0.59,3,0.0005,0.48,False,0.0299467291274913,0.37543466291564837,-0.13665196557387105,0.2014699453221076,2272,0.2750971091947989
0.53,1,0.002,0.48,False,0.20347826058447227,0.7132706244975033,-0.6252346648853584,2.1648843583163653,2272,0.27412637076455837
0.51,3,0.001,0.5,True,0.11419661780235058,0.5944585963145936,-0.4434840048657134,0.9593916907908737,2272,0.27393037776272805
0.52,1,0.002,0.48,True,0.16440131762611832,0.6474793942423839,-0.532672892867019,1.5774186259921832,2272,0.2706614752366041
0.51,1,0.0005,0.48,True,0.17205991425163458,0.6700874397807185,-0.5660604965256464,1.6846965714328865,2272,0.2688570168356918
0.58,3,0.001,0.48,False,0.03889188184486425,0.42362823236606045,-0.20861640208705046,0.2678683814980629,2272,0.2684026752498794
0.56,1,0.0005,0.5,True,0.08658379982823616,0.5279251506758887,-0.35712000525891274,0.6762067327457046,2272,0.26820428641722943
0.56,1,0.0005,0.5,False,0.09621963500572872,0.5471673928673212,-0.3901189728629124,0.7708377272402813,2272,0.26393810507870985
0.52,3,0.002,0.5,False,0.11979334652572926,0.561034424151584,-0.41752410166466236,1.02142269669427,2272,0.2629531467775728
0.52,1,0.001,0.5,False,0.19476516789322318,0.6811948204158721,-0.5972347322849545,2.025019358250059,2272,0.2618365849558754
0.56,1,0.0005,0.48,True,0.08231988184164951,0.5144951437963712,-0.34736028296893695,0.6357076956399159,2272,0.2613028819737165
0.53,1,0.001,0.5,True,0.15989503692751073,0.6533677680500141,-0.550646980840416,1.515995303615393,2272,0.2608186944559344
0.52,3,0.002,0.48,False,0.10969612368261039,0.5306895486345004,-0.3795504202320482,0.9106769068814438,2272,0.2599580495536449
0.54,3,0.002,0.5,False,0.07605817768741985,0.45624236908424054,-0.2774778332212464,0.5777239491236161,2272,0.25707755581346936
0.53,3,0.001,0.48,True,0.09285727633756435,0.5146177537084251,-0.3638433239067004,0.7373205507229192,2272,0.2514002774843341
0.57,3,0.0005,0.48,True,0.03769267050425218,0.36792546218571337,-0.1597917865876578,0.25879207248345404,2272,0.2513998340668628
0.55,5,0.001,0.5,True,0.0606878746602475,0.4473496852037486,-0.27230444211143645,0.4426635400396135,2272,0.24771249391267372
0.55,3,0.0005,0.48,True,0.06682465514760594,0.45893878378117553,-0.28912546518686033,0.4953742103129428,2272,0.24768580817596902
0.54,5,0.002,0.5,False,0.07055091833745997,0.46304380746349116,-0.298197256901506,0.5281617890308017,2272,0.24565127744352433
0.53,5,0.0005,0.5,True,0.07702133472253836,0.4722015279448826,-0.31422637777914353,0.5865288651467324,2272,0.24392682613832928
0.57,5,0.0005,0.5,True,0.038541841909749186,0.38029155206118664,-0.18577267626391336,0.26521342395600733,2272,0.24323596362298072
0.56,3,0.002,0.52,False,0.054079196159851683,0.43339822965523106,-0.2625511340831944,0.38765225387344526,2272,0.23958108123663102
0.59,5,0.001,0.48,False,0.0265406932040837,0.3450517635544897,-0.14235949333275721,0.17696701941461623,2272,0.239126376849509
0.56,1,0.001,0.48,False,0.09271166260226571,0.531424666583608,-0.40059524537918156,0.7358811360873414,2272,0.23876196906094244
0.57,3,0.0005,0.5,False,0.03756944977790955,0.3922304646507446,-0.21301326179849323,0.257862565814855,2272,0.2330906901453229
0.54,3,0.001,0.52,True,0.0770307726638706,0.495036979953387,-0.35727791915935037,0.5866153477952214,2272,0.23232387642506785
0.55,5,0.0005,0.52,False,0.06281080410431139,0.45014983119682067,-0.2965190874227105,0.4607186619177266,2272,0.2317778024899457
0.58,5,0.001,0.5,False,0.030541304377852185,0.3650825712224105,-0.17910994227381194,0.20579087826900855,2272,0.23095700871671662
0.51,5,0.002,0.52,True,0.07182182692974948,0.4473815017354795,-0.29974891820371574,0.5394816303618664,2272,0.22912891525143178
0.51,1,0.001,0.5,False,0.18446453260995832,0.6498593938884527,-0.5972347322849546,1.8663974294935675,2272,0.22741096784347653
0.53,3,0.0005,0.5,True,0.08537898467289917,0.49080082289373944,-0.36177167322140125,0.6646789421186088,2272,0.22699717971848826
0.59,3,0.001,0.48,False,0.026226612430335416,0.33484294407067705,-0.14524562863066315,0.17472880981699768,2272,0.22651442489524715
0.55,5,0.0005,0.52,True,0.06209541826356291,0.4551472944604524,-0.31150964217442023,0.4546133749639212,2272,0.22456820619998502
0.56,1,0.001,0.5,True,0.07814157062234628,0.48745891078689346,-0.3628821176193203,0.5968215923883136,2272,0.2205956878781411
0.56,1,0.001,0.5,False,0.08735274383336833,0.5083152052800435,-0.3940718211984029,0.6835990303521242,2272,0.2192635714713317
0.52,5,0.0005,0.52,False,0.10424713563373178,0.553705771152426,-0.46313184941189767,0.8530595116914041,2272,0.21447443231302743
0.52,5,0.002,0.5,False,0.0925123484035566,0.5034976677106107,-0.3960455984631879,0.7339125066352767,2272,0.2144148934611273
0.56,1,0.001,0.48,True,0.0740835033132019,0.4738718517227012,-0.3532098714009305,0.5598001945480464,2272,0.2135290055959173
0.53,1,0.002,0.48,True,0.14930478842584316,0.6093979402129892,-0.5544531371023053,1.3764628875550327,2272,0.21062686705889794
0.52,3,0.001,0.52,False,0.10420242140263514,0.5132981104121935,-0.4197787987529381,0.8525928081968905,2272,0.20873579783063362
0.57,5,0.002,0.48,False,0.03396278437418343,0.3762706102219205,-0.22306503533088406,0.23090994989304248,2272,0.20800741726946823
0.57,3,0.002,0.48,False,0.03609651276652959,0.3739981638521975,-0.22348356380251078,0.24679609169877859,2272,0.20604026664014768
0.5,1,0.0005,0.5,False,0.17280233733353478,0.6255836158779673,-0.594201494880616,1.6952923547276528,2272,0.20206312117353492
0.51,3,0.002,0.48,True,0.09700979521326847,0.5259600640349953,-0.44847390310052726,0.7787925701309757,2272,0.19628388011855397
0.54,1,0.002,0.5,False,0.13800741737025035,0.567122178961449,-0.525314467797227,1.234831405605037,2272,0.18827282993474243
0.56,3,0.002,0.5,True,0.044447522580712384,0.3802323866245522,-0.25700694911432775,0.31063662411758575,2272,0.18796108410730375
0.53,3,0.0005,0.5,False,0.07915827570313283,0.43241519669039047,-0.3421385593404267,0.6062115320542363,2272,0.18245183192898895
0.5,3,0.002,0.5,True,0.09422353503966008,0.5115555029817463,-0.44847390310052726,0.7508750949660223,2272,0.1810434410132225
0.54,3,0.002,0.48,True,0.06068371574676634,0.4109741193589691,-0.31048885434813656,0.44262835395073896,2272,0.18078815060448977
0.57,3,0.001,0.48,True,0.029920119607325102,0.30594127818201683,-0.1696101193123416,0.20127687122742932,2272,0.17922921861434107
0.51,1,0.001,0.48,True,0.14375636751622722,0.5919364073592017,-0.5703798784332792,1.3059913958114464,2272,0.1787594148674465
0.54,1,0.002,0.52,False,0.13577956006209457,0.5574998693959841,-0.525314467797227,1.2077552892281496,2272,0.17798216317683074
0.51,1,0.002,0.48,False,0.18179077510769637,0.6267080693357977,-0.6341113227859942,1.8263848888778083,2272,0.17395624363931117
0.51,5,0.002,0.5,False,0.08219245116875595,0.4596233705690249,-0.3966578872625113,0.6345101042270627,2272,0.16695479610964264
0.55,3,0.0005,0.5,False,0.06228256679474553,0.4186547617530415,-0.33827267815993156,0.45620847644155416,2272,0.16672138926351993
0.54,3,0.001,0.5,True,0.061864429215260586,0.41505029278755573,-0.33394045072102807,0.45264663474248645,2272,0.16645726097531144
0.55,3,0.001,0.48,False,0.06633683074202756,0.4368836451176232,-0.36845967203112817,0.49112586180104745,2272,0.1620169567153289
0.56,3,0.002,0.52,True,0.03816477379120653,0.3468234064246449,-0.25207540051940547,0.2623586866875647,2272,0.15661251814648242
0.57,5,0.001,0.5,True,0.02931347096613135,0.3051148634054669,-0.1987014556519653,0.19688219151043596,2272,0.15494774017373406
0.58,3,0.002,0.48,False,0.02775369868211408,0.3187550306652528,-0.21571219745108872,0.1856447997769266,2272,0.154511382309016
0.54,5,0.002,0.48,True,0.06270513296308389,0.4340548124272451,-0.37314791243841927,0.4598154858741659,2272,0.15434802236543482
0.57,5,0.0005,0.52,True,0.028598047136392246,0.31518026944807714,-0.2121085896223046,0.19171686946342903,2272,0.15407281189115113
0.5,1,0.002,0.48,False,0.15718606313874295,0.5864101312945627,-0.6032355930156912,1.4796651591028862,2272,0.15097747582363258
0.56,1,0.002,0.48,False,0.0752725452106715,0.4545153357416227,-0.4083428494337886,0.5705723161562417,2272,0.1504228197577932
0.57,3,0.001,0.5,False,0.029466647313608707,0.32084253719862876,-0.22454041709259576,0.1979905551188681,2272,0.15005019771863476
0.57,5,0.002,0.5,False,0.026424243494555633,0.3100604694255904,-0.21137173075286442,0.17613675572888265,2272,0.14889035787166557
0.58,5,0.0005,0.5,True,0.02035802402369602,0.27659459032885475,-0.17060470479828227,0.1335600918419253,2272,0.14621823369733772
0.58,3,0.0005,0.5,True,0.022394707675442938,0.2834552021965178,-0.18040801631455805,0.1477081491417167,2272,0.14584720144750424
0.5,1,0.0005,0.48,True,0.13612032731228574,0.5534722418387296,-0.5660604965256464,1.2118788553178756,2272,0.14145994281189816
0.56,5,0.002,0.52,False,0.03247938295693431,0.322684249742811,-0.2390466864978671,0.21996605120323975,2272,0.14119071543159764
0.5,5,0.002,0.5,True,0.07067871344626142,0.4351420892255036,-0.39560836631104035,0.5292968773768338,2272,0.13985901021054975
0.53,5,0.001,0.5,False,0.06912435097829439,0.41548214223003876,-0.3712396651432417,0.5155388053212879,2272,0.13922771540893375
0.52,5,0.0005,0.52,True,0.05766581318956798,0.3880243541686644,-0.33316340542341427,0.41728480294567305,2272,0.13879337378680334
0.56,1,0.002,0.5,False,0.06982702216220815,0.4305856160577861,-0.40190374374938964,0.5217454113538502,2272,0.13001072770693678
0.59,3,0.002,0.48,False,0.018823873988745188,0.25377954546890047,-0.16330480795725733,0.12299985263377189,2272,0.12878286129971814
0.56,1,0.002,0.5,True,0.06144716438494413,0.40646734787627836,-0.3742560970824529,0.4490995190036695,2272,0.12549661952579932
0.57,5,0.002,0.48,True,0.028050054774559463,0.29197919333438105,-0.21994880109867943,0.1877730583916304,2272,0.12443516888780537
0.57,3,0.0005,0.5,True,0.028659429303618644,0.295330237120854,-0.22548944782659464,0.19215931045853085,2272,0.12353650765066387
0.5,5,0.002,0.5,False,0.0743381478383307,0.43154577508556413,-0.41370904325232805,0.5621019126299789,2272,0.1228799848352009
0.5,1,0.001,0.5,False,0.1435609449732893,0.557223915371495,-0.5972347322849543,1.3035416375138995,2272,0.12250441303551829
0.55,3,0.001,0.48,True,0.04853954450395315,0.3602397385003202,-0.3173459977482662,0.34290631249640113,2272,0.12092480365289315
0.56,1,0.002,0.48,True,0.057792238869335266,0.39268967836507024,-0.36475652209633114,0.4183389411820362,2272,0.11822213234880591
0.59,5,0.0005,0.5,False,0.017595055601500986,0.2568798935248116,-0.1838297324306417,0.1146010125410768,2272,0.11509462426074854
0.55,5,0.002,0.48,False,0.04948683565258838,0.36959430768930757,-0.34034838283276914,0.3504709254178979,2272,0.11216165211886875
0.52,3,0.0005,0.52,True,0.063824285892913,0.3945646147789188,-0.3771934486685622,0.4694047804954691,2272,0.11195714161194292
0.56,1,0.0005,0.52,False,0.06746965903558988,0.4239576712776446,-0.41786939836377657,0.5010069890591353,2272,0.1099030502973003
0.56,1,0.0005,0.52,True,0.06191644042871225,0.4184279248344835,-0.4100597984644109,0.45308928581727304,2272,0.10895501819156844
0.59,5,0.002,0.48,False,0.01700642745955494,0.23785313203241049,-0.16938947464443888,0.11059651639916268,2272,0.10744348055472586
0.55,3,0.0005,0.5,True,0.04070116644183264,0.3186672963911478,-0.2809864717824394,0.28166597576496,2272,0.10608846889774606
0.52,1,0.002,0.5,False,0.1371883388868662,0.5448922967673117,-0.6032355930156912,1.224844580363484,2272,0.10346032402081856
0.53,5,0.001,0.48,True,0.04914714646594365,0.3411596817367728,-0.3157682114112442,0.3477542286417157,2272,0.10328925654756049
0.56,5,0.002,0.52,True,0.03005240049404967,0.29221268489472657,-0.25859221403593924,0.20223693564010237,2272,0.09435463381419007
0.51,5,0.002,0.48,False,0.06315350024524369,0.38321522798840163,-0.3870887835081763,0.46365092859785895,2272,0.09249025125543364
0.53,3,0.001,0.5,True,0.05627687635315426,0.3651769652544562,-0.3638433239067004,0.4057470611934293,2272,0.09098536903504217
0.53,1,0.002,0.5,True,0.10844791382650154,0.50078700156627,-0.5544531371023053,0.8973474040798541,2272,0.0897588660323762
0.58,3,0.001,0.5,True,0.01776028476219471,0.23512769068973297,-0.19200870114161728,0.11572725867116618,2272,0.08684881520509755
0.55,5,0.001,0.52,False,0.04128188150739964,0.3281156024641435,-0.32047545970101055,0.2861211284794103,2272,0.08411979915555495
0.59,5,0.0005,0.48,True,0.01067703472354009,0.17076287637099052,-0.12233240910137877,0.0682943793227806,2272,0.07610005950694954
0.53,5,0.001,0.5,True,0.04322439314114357,0.31430021253633017,-0.3157682114112442,0.30111833640891916,2272,0.07465296134967786
0.55,3,0.0005,0.52,True,0.03503721224979417,0.28961949057158826,-0.284242271664227,0.2388879645149553,2272,0.0727368369151449
0.52,1,0.0005,0.5,True,0.09952611382275389,0.4576944395390314,-0.519875069057435,0.8043254248057514,2272,0.0716522184399096
0.57,5,0.0005,0.52,False,0.016354375462275472,0.22101503964598226,-0.1941638969355014,0.10617464420250577,2272,0.07059023473626377
0.51,1,0.002,0.5,False,0.12629637014900386,0.5148189688507828,-0.6032355930156916,1.0955604961211063,2272,0.07011940548293066
0.58,5,0.002,0.5,False,0.017444483110108155,0.23042743833923804,-0.20696822300188178,0.11357550124244842,2272,0.07008620487076506
0.58,5,0.001,0.5,True,0.014793993741487377,0.21349944907804655,-0.18499820946753942,0.0956529084701796,2272,0.06993907962646123
0.55,5,0.001,0.52,True,0.04028816904955024,0.3271573533976784,-0.33669339167896706,0.2785054132696503,2272,0.06988909076936978
0.53,5,0.001,0.48,False,0.053464563607713345,0.3491026862714239,-0.3712396651432417,0.3826267442990412,2272,0.06815032323914455
0.57,5,0.001,0.52,True,0.019785990477617643,0.2363412958433706,-0.22578182693115745,0.12961282865707724,2272,0.061651631441729915
0.56,1,0.001,0.52,False,0.05840969134555185,0.382456012332198,-0.42366385673517404,0.4234967237343039,2272,0.06104783434772432
0.5,1,0.001,0.48,True,0.10859552274577289,0.48261519072247405,-0.5703798784332792,0.8989196237655368,2272,0.05888994479958254
0.56,1,0.001,0.52,True,0.0533270143586595,0.3744432549185976,-0.41593199265898406,0.38150417454093,2272,0.057695765099008145
0.52,5,0.002,0.48,False,0.055761510171161044,0.35643279678192513,-0.3960455984631879,0.4014860726306009,2272,0.0563247710627231
0.57,1,0.0005,0.48,False,0.03731008671937386,0.3174931220285494,-0.34671908317705413,0.2559079613852031,2272,0.051310881502718286
0.57,3,0.001,0.5,True,0.020708281566083286,0.23159674029359753,-0.2356878235876223,0.13598271968353948,2272,0.04925896589332465
0.54,3,0.002,0.52,False,0.04573376881105884,0.32057691828570445,-0.35706297755942196,0.3207090504348584,2272,0.04864666688148456
0.55,3,0.001,0.5,False,0.042271833101379386,0.317506205573118,-0.35526213924882255,0.29374584042000884,2272,0.04597804410447376
0.51,3,0.002,0.52,True,0.04968891828524713,0.331223313087574,-0.3773350237295373,0.35208927976599225,2272,0.04426196958951828
0.53,3,0.001,0.5,False,0.04621926923348818,0.31049017169944904,-0.35193648698751145,0.3245277901006389,2272,0.042806762879486315
0.59,5,0.001,0.5,False,0.012656622264568984,0.1967728915975662,-0.19819427882681273,0.08137692150315168,2272,0.04201445521548669
0.52,3,0.002,0.5,True,0.04620574995549376,0.31725876804534253,-0.36451856574248276,0.3244213279309782,2272,0.03950564043800442
0.6,3,0.0005,0.5,False,0.010326454122097761,0.1713101125181307,-0.1711389216608975,0.06599139317327518,2272,0.037496911426042
0.55,5,0.002,0.48,True,0.03846217251784312,0.3147560282222605,-0.36513633680513413,0.26460980560182223,2272,0.03418561053350616
0.57,3,0.002,0.48,True,0.014543510826473538,0.1820995624254391,-0.19143275687802364,0.09397173890432153,2272,0.033316410170962235
0.54,5,0.002,0.52,False,0.038825873686442636,0.3049035650564703,-0.35468802853333037,0.2673673702077479,2272,0.03280090433573879
0.55,5,0.002,0.5,False,0.034139685444849466,0.28526603279002627,-0.3292399569302137,0.23222053095855744,2272,0.03211597287931017
0.54,5,0.002,0.52,True,0.04603973799102401,0.34773815878432446,-0.4144189518047987,0.3231145954736876,2272,0.030014918737792662
0.55,3,0.0005,0.52,False,0.04003067064736121,0.3044632709129639,-0.3614380611512076,0.2765381568752694,2272,0.027322023186206135
0.58,3,0.0005,0.5,False,0.011668232160677361,0.16820997988667635,-0.1956553143101224,0.07482822203408435,2272,0.01518619808678165
0.58,5,0.0005,0.52,True,0.012045880998621028,0.17805084108830224,-0.2131176242261147,0.0773264403200975,2272,0.011170506006996789
0.52,5,0.002,0.5,True,0.03566884255446112,0.2773299483607704,-0.34792902171018725,0.2435982686407192,2272,0.009687383758958945
0.59,5,0.001,0.48,True,0.006136178296684447,0.11661319209464287,-0.1364845171542648,0.03878611521770026,2272,0.00926643186023636
0.57,1,0.001,0.48,False,0.031321845214027366,0.28041788491851644,-0.3525744186618044,0.2114830629637423,2272,0.007754903553281123
0.5,5,0.002,0.48,False,0.051138929242329656,0.33289385659268317,-0.4305678861026684,0.3637493261740259,2272,0.003781226483247302
0.53,5,0.0005,0.52,True,0.035750860657009165,0.28079913218766367,-0.36465232628844857,0.2442110094304486,2272,-0.00019747064599245912
0.51,1,0.002,0.48,True,0.08916325317747864,0.43558969866292885,-0.5788932483800007,0.7011126094718916,2272,-0.0007759240878281171
0.53,3,0.002,0.48,False,0.03909812965286963,0.28304304225066895,-0.37110381967930695,0.2694349028408589,2272,-0.0021105745969157708
0.57,1,0.0005,0.5,True,0.029507442919074256,0.27195785440540143,-0.3571200052589123,0.1982858918889039,2272,-0.004885916926006151
0.57,1,0.0005,0.5,False,0.03230587578298749,0.286866183813005,-0.38054853484021356,0.21869134118356226,2272,-0.007880881324269617
0.53,3,0.002,0.48,True,0.03518313213330404,0.27068792220745624,-0.36796801612351704,0.2399748116462328,2272,-0.013131551051366208
0.6,3,0.001,0.5,False,0.006798633906196949,0.12680807288407436,-0.1782606174257314,0.04304789182439328,2272,-0.013760830884651687
0.57,3,0.002,0.5,False,0.013444418637313715,0.17817702671291333,-0.24709901767783315,0.08662051382391,2272,-0.01546886183815907
0.52,1,0.001,0.5,True,0.07331932382565465,0.3878631193535685,-0.5349530512353462,0.5529098975728604,2272,-0.01810352448701208
0.6,5,0.0005,0.5,True,0.005054885196556613,0.10486901335622786,-0.1572918065728599,0.031861227029025496,2272,-0.019447966343093093
0.5,5,0.002,0.52,False,0.031087414778981914,0.2532957686146055,-0.35370622439005583,0.20977108743048656,2272,-0.020342986463744606
0.57,5,0.002,0.5,True,0.011095233481079658,0.15471364953351593,-0.2239557253727028,0.07104701329848462,2272,-0.02112236072032242
0.55,3,0.001,0.5,True,0.02253486133560667,0.21736013610481789,-0.30989597411496195,0.1486871674614385,2272,-0.023796184786469665
0.57,3,0.0005,0.52,True,0.012503394393686751,0.16684714751877716,-0.2430824893644753,0.08035950393060043,2272,-0.023867825654697056
0.54,5,0.002,0.5,True,0.03517805569169741,0.28509768073441355,-0.4005069821392445,0.23993698763230742,2272,-0.024754488269472907
0.52,5,0.001,0.52,False,0.04906767786236754,0.3285887856629884,-0.4654095496586341,0.3471193333316873,2272,-0.029018550705208646
0.53,5,0.0005,0.52,False,0.04215615583435928,0.30602650830288447,-0.435214684352206,0.2928529292092852,2272,-0.02949839242857255
0.58,3,0.002,0.5,True,0.008550926696926142,0.1389191947445225,-0.21472820141943405,0.05439172243143742,2272,-0.03029808838194689
0.6,3,0.0005,0.5,True,0.004691645476145201,0.09970289080376193,-0.17113892166089784,0.02954365484630217,2272,-0.03580075288211276
0.5,1,0.002,0.5,False,0.08722659756237872,0.4204693932985433,-0.6032355930156917,0.6823844416917031,2272,-0.035951101845296485
0.59,3,0.0005,0.48,True,0.00418570373362348,0.09316938018343597,-0.16347642771191528,0.026322884458008122,2272,-0.036356050866009224
0.56,1,0.002,0.52,False,0.04051313120730926,0.29940918397767435,-0.43508455738435925,0.2802261785243527,2272,-0.03650452256762027
0.57,1,0.0005,0.48,True,0.023198240650959434,0.23406101477096553,-0.34736028296893673,0.15333060013738242,2272,-0.03686773940889601
0.5,1,0.0005,0.5,True,0.07429641217722938,0.39276554057169943,-0.5660604965256464,0.5617244710606366,2272,-0.03779393299564887
0.57,5,0.001,0.52,False,0.006918242670298058,0.12188344778718407,-0.2079504884145552,0.04381893271622572,2272,-0.0424014701433707
0.58,3,0.001,0.5,False,0.006394333337136793,0.11556165969168936,-0.2008742220756634,0.04044516320524694,2272,-0.043219417967700346
0.56,1,0.002,0.52,True,0.03634971220252248,0.28643732601596367,-0.42750590824376866,0.24869259275716815,2272,-0.04466248691829455
0.6,3,0.0005,0.48,False,0.004454071259690773,0.09681529081332707,-0.1834699486932161,0.028030228344591457,2272,-0.048624446763338575
0.57,1,0.001,0.5,True,0.023728869583991896,0.23422791563189604,-0.3628821176193209,0.1570561550630003,2272,-0.04895911758836308
0.57,1,0.001,0.5,False,0.026263996760274022,0.24922616470641237,-0.3861006580564713,0.1749950314519424,2272,-0.0517751627106825
0.6,3,0.0005,0.48,True,0.004023557344086104,0.09116349202702625,-0.18346994869321598,0.025292469096293457,2272,-0.05440539972432071
0.51,1,0.0005,0.52,True,0.0539965489868548,0.3362946744366608,-0.510890979570757,0.38697560302975553,2272,-0.05621914452388843
0.54,3,0.002,0.52,True,0.030750476298945895,0.2585239645416352,-0.4096895360784004,0.20731408262247175,2272,-0.06000252143140139
0.58,5,0.001,0.52,True,0.006243941774006556,0.11560333913294452,-0.2261929953016948,0.03947839314738877,2272,-0.06347787457620936
0.6,5,0.0005,0.5,False,0.0023524548436715254,0.07035399581477544,-0.17169799901538574,0.014723354292777824,2272,-0.0662986669444317
0.55,3,0.001,0.52,True,0.01643837476368981,0.18335413216208793,-0.31933321059720954,0.10674345260676832,2272,-0.06718092388657279
0.6,5,0.001,0.5,True,0.0017468301596164082,0.06283349514742813,-0.16421813616876746,0.010915643207872305,2272,-0.06801696473970094
0.53,3,0.0005,0.52,False,0.027514111685805753,0.2388755652505742,-0.3947852958038516,0.18392656445115496,2272,-0.06869843788676536
0.55,5,0.002,0.5,True,0.018053731653953742,0.19349145902514706,-0.3427047299423197,0.11772982548395339,2272,-0.0752562054325226
0.6,5,0.0005,0.48,True,0.0012233741877514248,0.0565446861317893,-0.16758875140291773,0.007634215199270322,2272,-0.07715930273421948
0.57,1,0.002,0.48,False,0.019444440267708085,0.20634721790995342,-0.36413241361013515,0.12726149868962344,2272,-0.0791253808978423
0.53,1,0.0005,0.52,True,0.05876855250173696,0.34842294599541673,-0.5567664503683166,0.42650163453690215,2272,-0.07935964854871552
0.5,3,0.002,0.52,False,0.027495784844428384,0.23735461155456014,-0.4063062731448819,0.18379521675047594,2272,-0.07944167150801684
0.51,1,0.0005,0.5,True,0.060343032177685885,0.35418554114080675,-0.5660604965256464,0.43974847812017415,2272,-0.08055994642640463
0.6,3,0.001,0.5,True,0.0015458434194959292,0.061060635671000854,-0.17826061742573085,0.009654643420770492,2272,-0.08108410524373506
0.58,5,0.002,0.5,True,0.0037526703797392535,0.08810857642223292,-0.21305053057717727,0.02357296095495065,2272,-0.08120604692558712
0.57,1,0.001,0.48,True,0.017618722617441795,0.1960107852678076,-0.3532098714009311,0.11476227468000477,2272,-0.08127149506770473
0.55,3,0.002,0.48,False,0.027104543537491033,0.23917932435188477,-0.411481192714803,0.18099412256991942,2272,-0.08187426675871032
0.51,5,0.002,0.48,True,0.033348552470428894,0.26538608968942684,-0.44768966888939943,0.22636845877171452,2272,-0.08276107968096402
0.5,1,0.0005,0.52,True,0.046907708362777134,0.3161200418481237,-0.5191337587865518,0.3299586424237224,2272,-0.08511465267228463
0.59,3,0.001,0.48,True,0.0005988632943818573,0.0529668964556331,-0.1751104920148413,0.0037309953441271304,2272,-0.0869418381679254
0.59,3,0.0005,0.5,False,0.0034998194635098567,0.08531760202196252,-0.21888817623196744,0.02197012463916015,2272,-0.08874299312455848
0.51,3,0.002,0.52,False,0.02377435674574735,0.22592538073528395,-0.40793217314395525,0.1573759906590635,2272,-0.0932880507561561
0.52,3,0.001,0.52,True,0.019848944163218363,0.2032487095530945,-0.3810753018972566,0.13004666888286542,2272,-0.09565684871574529
0.55,3,0.001,0.52,False,0.020767377152532962,0.20625421340994055,-0.38770839387742306,0.13639189447295297,2272,-0.09768228854623806
0.6,3,0.001,0.48,True,0.0008396071423313334,0.053852811749156994,-0.19048569446801322,0.005234149008196187,2272,-0.09828386168255418
0.57,3,0.002,0.5,True,0.004984035719840518,0.10421806594996527,-0.25569088692701947,0.0314088439478204,2272,-0.09883943287569816
0.6,3,0.001,0.48,False,0.0009065133172510009,0.05305052745487802,-0.19048569446801245,0.005652232322632678,2272,-0.09906607412435665
0.57,3,0.001,0.52,True,0.00479831444692036,0.10226697383741659,-0.25360942163807276,0.030223779532641215,2272,-0.09918106913896552
0.59,5,0.002,0.5,False,0.0028478766396504707,0.07695422741041322,-0.22675868180394798,0.017847136357528326,2272,-0.10359835504085002
0.51,5,0.002,0.5,True,0.018539469933858133,0.19565613929863018,-0.38168960843467503,0.12105127353749401,2272,-0.10413370646895242
0.53,3,0.0005,0.52,True,0.025552418102444685,0.22891878372520846,-0.42597246884560336,0.16993641199236276,2272,-0.10419346592054085
0.51,3,0.002,0.5,True,0.029403620812078035,0.24568971535232004,-0.44847390310052726,0.1975343995138692,2272,-0.10426832088447835
0.5,1,0.002,0.48,True,0.05551085894562213,0.3408456034373279,-0.5813073700266147,0.3994176381306316,2272,-0.10754703490027723
0.52,1,0.0005,0.52,False,0.05866832122792731,0.3482881446754357,-0.594201494880616,0.42566181634403066,2272,-0.10947255486067897
0.59,3,0.0005,0.5,True,0.0011135603287675266,0.05824749303031126,-0.21171017835265948,0.006946952377429705,2272,-0.11078658155318609
0.52,5,0.001,0.52,True,0.009917221454591285,0.15147159084336015,-0.3356602944054736,0.06330838974873054,2272,-0.1140814782446414
0.53,1,0.0005,0.5,False,0.0597104299039235,0.3545117662330894,-0.6099093279321962,0.4344137433900499,2272,-0.1155025671414906
0.54,3,0.002,0.5,True,0.017626485661098368,0.18947716809487472,-0.38825515218021023,0.11481517471423541,2272,-0.11583900795096394
0.6,3,0.002,0.5,False,-0.00022271950732921653,0.038069877630700605,-0.1925265649874398,-0.0013845986113844022,2272,-0.11601819021145003
0.6,5,0.001,0.5,False,-0.0013081463489313938,0.023232430431718278,-0.1787113470944992,-0.008109456077471933,2272,-0.12012909114856052
0.5,1,0.001,0.5,True,0.04784803995113096,0.31973387252517116,-0.5703798784332792,0.33740677079122916,2272,-0.12221561823611293
0.57,5,0.002,0.52,True,0.002381237057327512,0.07854940893422005,-0.2524303779553885,0.014904614321160636,2272,-0.12268052231289249
0.59,5,0.002,0.48,True,-0.002887791749553892,0.00885623769621165,-0.16411801756011146,-0.017828358428780056,2272,-0.12330451387674368
0.6,5,0.001,0.48,True,-0.002031946811300811,0.015749471948366105,-0.17422395341797836,-0.01257266987287431,2272,-0.12423927482940683
0.6,5,0.0005,0.48,False,-0.0018735999746992693,0.015982890336432184,-0.1818189164020787,-0.011597689511126275,2272,-0.13003432277764057
0.57,1,0.002,0.5,True,0.012264568638808315,0.15869065689592252,-0.37425609708245267,0.07877532698575984,2272,-0.13703485017839712
0.55,3,0.002,0.48,True,0.012891014503550347,0.16309899416653034,-0.3806746886427127,0.08293481803564795,2272,-0.13757345239657473
0.57,1,0.002,0.5,False,0.014281648544965497,0.1740162289793972,-0.3970601346318354,0.0922165094728069,2272,-0.13934738416258152
0.51,1,0.0005,0.52,False,0.04764764517695763,0.31970431262727284,-0.5942014948806155,0.3358165665133037,2272,-0.14136258972413224
0.59,3,0.001,0.5,False,-0.0003257542087560239,0.04213498652725242,-0.22955893574496145,-0.0020245983422941816,2272,-0.14160988833134355
0.58,3,0.0005,0.52,True,-0.002337632396131384,0.025731572285541696,-0.23368946729173845,-0.014452568141650413,2272,-0.1619212912666885
0.57,3,0.0005,0.52,False,-0.0016599298992148181,0.04077181665036938,-0.254803514922453,-0.010280789836408899,2272,-0.16356897425735747
0.59,3,0.001,0.5,True,-0.0027029163711381754,0.01486593619835843,-0.2232564201758125,-0.016695043212066718,2272,-0.16455007485363302
0.6,5,0.002,0.5,True,-0.004839113804871453,-0.020872689368217824,-0.17794659399826884,-0.02972357741305509,2272,-0.16468169870829433
0.51,1,0.001,0.5,True,0.034321349048043404,0.2810917897133415,-0.5703798784332792,0.23356761409810445,2272,-0.16491570831886887
0.58,1,0.0005,0.48,True,0.003424623079545608,0.08975107191063846,-0.32137104325522137,0.02149385706269369,2272,-0.16631837576967495
0.57,1,0.002,0.48,True,0.006546665190335865,0.12003457900929954,-0.36475652209633125,0.041425175285012994,2272,-0.16980663911066474
0.6,3,0.002,0.5,True,-0.004718584736655429,-0.015832777131144053,-0.1925265649874397,-0.028992355194987773,2272,-0.17126960454209245
0.53,1,0.001,0.52,True,0.03361631425019973,0.2637832903297315,-0.5595290539119451,0.2283464964990547,2272,-0.17375505852476464
0.57,1,0.0005,0.52,True,0.010738305700511042,0.14871622518130187,-0.41005979846441065,0.06869730057661894,2272,-0.17611012188007336
0.53,5,0.001,0.52,True,0.002321686332995121,0.1142510199991873,-0.36766419834508834,0.014529615326527079,2272,-0.17918383277698488
0.53,3,0.002,0.5,True,0.00037226099952558656,0.11388776239174409,-0.36796801612351704,0.0023178624007620385,2272,-0.1803749722072119
0.58,5,0.0005,0.52,False,-0.004342688784277127,-0.005691947913746346,-0.21783257913664,-0.026708909663544333,2272,-0.1812608178583415
0.59,5,0.0005,0.5,True,-0.004471805058440914,-0.016640282665082478,-0.20600310615446726,-0.027493756562114502,2272,-0.1827843091061886
0.6,5,0.001,0.48,False,-0.005478783215343452,-0.03046352852313563,-0.1885436544529686,-0.033596575310357424,2272,-0.18294208705011356
0.6,3,0.002,0.48,True,-0.005500405489466953,-0.020494923415824446,-0.2045394064819045,-0.03372726437003415,2272,-0.18577657024818814
0.58,3,0.002,0.5,False,-0.004075035156028806,0.010564546321398843,-0.24442706190644903,-0.025080255625253955,2272,-0.18619961375056904
0.59,3,0.002,0.48,True,-0.0065390962325662105,-0.027063357130159883,-0.19790389584559565,-0.03998785977671304,2272,-0.18734820267640628
0.51,1,0.001,0.52,True,0.02162015652633098,0.24260110840397459,-0.5455636603338161,0.14231028003412605,2272,-0.18736377290517903
0.52,3,0.002,0.52,False,0.002920037855542734,0.14894499844013234,-0.4244055069634215,0.018302806963577334,2272,-0.18970339577394205
0.53,1,0.001,0.5,False,0.03536803016113743,0.28964137010002283,-0.6145848467640731,0.24135312681952792,2272,-0.19141609826289446
0.52,1,0.001,0.52,False,0.030945382536089916,0.2744473328332155,-0.5972347322849544,0.20873485635487565,2272,-0.19405683823392111
0.55,1,0.0005,0.48,True,0.003377488583585997,0.16134828962397038,-0.4466917503779112,0.021195418646767328,2272,-0.1949918641032828
0.6,3,0.002,0.48,False,-0.006153698059842783,-0.034172013937810095,-0.20453940648190472,-0.03766889860810996,2272,-0.19964964854128672
0.55,3,0.002,0.5,False,0.003359798434888539,0.11540600531860838,-0.3960359649763564,0.02108342997220003,2272,-0.20041482713201023
0.58,1,0.001,0.48,True,-3.889451404026634e-05,0.06008039758277622,-0.32711708888176716,-0.00024191475708301713,2272,-0.20162494187684962
0.53,5,0.002,0.5,False,-0.003379367583431603,0.1015920748329636,-0.3787452946282711,-0.02083646452838217,2272,-0.2024179711446828
0.58,5,0.002,0.52,True,-0.005264634608969421,-0.00883511030510485,-0.25170495154558703,-0.03230141996297742,2272,-0.2117784619242653
0.52,1,0.0005,0.52,True,0.005510266622727356,0.19636272184375236,-0.5168458177067956,0.03477287305331278,2272,-0.21546085233486592
0.55,5,0.002,0.52,False,-0.000491843118923474,0.08431724922321379,-0.374950607620015,-0.0030555344132956463,2272,-0.21579078980847527
0.52,1,0.002,0.5,True,0.02274622407534288,0.24814917795488897,-0.5899683293851588,0.1501649294879599,2272,-0.21700161833063514
0.5,1,0.001,0.52,True,0.014096504089474493,0.22085118342805232,-0.5532221132738451,0.09097693660267825,2272,-0.2174975559641814
0.53,5,0.001,0.52,False,0.004433204657268375,0.13136760502630895,-0.4383136357799078,0.027897390415636103,2272,-0.21795334220043677
0.6,5,0.002,0.48,True,-0.00851329433145731,-0.0655434186825756,-0.1873815443473853,-0.05179331022560363,2272,-0.21800264245992101
0.58,3,0.001,0.52,True,-0.007019651526271153,-0.02311480244939544,-0.24434703428551896,-0.04287281514574981,2272,-0.22069832533569197
0.57,1,0.001,0.52,True,0.004741861913141854,0.10654272597005665,-0.41593199265898473,0.02986378945914714,2272,-0.2247803095831886
0.6,5,0.002,0.5,False,-0.008592014503378875,-0.0705513011508397,-0.19260584226990685,-0.052261508979760785,2272,-0.22721357931777886
0.58,1,0.0005,0.48,False,-0.004043718616247416,0.05014682608951306,-0.3453659592930637,-0.02488954725045678,2272,-0.22735905692981212
0.53,3,0.001,0.52,False,-0.007526425377809787,0.09436925532186101,-0.4045441885529951,-0.04590728474621719,2272,-0.23152402313387807
0.57,1,0.0005,0.52,False,0.0032499606350284704,0.10175113628145384,-0.41786939836377646,0.020388325045591182,2272,-0.2315693942190588
0.51,5,0.002,0.52,False,-0.004977547687097128,0.09632843565929634,-0.40857345644699883,-0.030562853776313292,2272,-0.23202359380443188
0.51,1,0.001,0.52,False,0.01759151538484449,0.24040914019309298,-0.5972347322849543,0.11457689192229381,2272,-0.23210119101941712
0.5,1,0.0005,0.52,False,0.016099640676265237,0.23735351613546302,-0.5942014948806158,0.10445118588738445,2272,-0.23317778756615007
0.53,3,0.002,0.5,False,-0.01669613127321168,0.0669098044429555,-0.37110381967930695,-0.09943536393399799,2272,-0.2349820906824536
0.55,1,0.0005,0.48,False,0.025831229799881728,0.2460738542157806,-0.6125837383309892,0.17191630481300413,2272,-0.2362437675090463
0.55,5,0.002,0.52,True,-0.00200780527838329,0.07126443172218058,-0.39377946127078234,-0.012424076694390163,2272,-0.24436147887796028
0.59,3,0.002,0.5,False,-0.007936049392151645,-0.04377061599321853,-0.2504728653768926,-0.048354134428999274,2272,-0.24652972311237814
0.55,1,0.001,0.48,True,-0.009608306681745282,0.1144309494309669,-0.4495756035322702,-0.058288643237483506,2272,-0.24811202539937288
0.57,3,0.002,0.52,True,-0.010442060256640073,-0.02686504787876504,-0.27423373762631686,-0.06320917913061963,2272,-0.24938465605681057
0.59,5,0.001,0.5,True,-0.008944599479215665,-0.0738015573490511,-0.21939194652427985,-0.05435617541467608,2272,-0.25199849441223965
0.53,3,0.001,0.52,True,-0.003709605924423931,0.09129469770037035,-0.4284078203335091,-0.022852951131446142,2272,-0.2525444403437641
0.57,3,0.001,0.52,False,-0.009496198598308858,-0.03128165626472514,-0.2753694612014561,-0.057625367411963446,2272,-0.2544260848053827
0.59,1,0.0005,0.5,False,-0.003243394081043127,0.025632174596760166,-0.3565310921731778,-0.020005174811660087,2272,-0.260565717366095
0.58,1,0.0005,0.5,False,-0.008091748159275158,0.01969587105844322,-0.35111675168388146,-0.049282803676401477,2272,-0.2636250547364445
0.58,5,0.001,0.52,False,-0.010687291035306523,-0.07947025905187005,-0.23102194400894638,-0.06465233606268084,2272,-0.2674940015696191
0.58,1,0.001,0.48,False,-0.00803996555863018,0.022595136350667618,-0.35961592739212067,-0.04897402948990526,2272,-0.26750959523061796
0.59,3,0.002,0.5,True,-0.010295114753670287,-0.07130037838484714,-0.24585237302832064,-0.06234352553344524,2272,-0.27107081123360477
0.58,1,0.002,0.48,True,-0.006932683244522453,0.000973184102462985,-0.33846785658950973,-0.04235125154547692,2272,-0.27188090614250154
0.57,5,0.002,0.52,False,-0.011698932204095458,-0.0763016250118269,-0.2439936031401857,-0.07058602828681104,2272,-0.2750061871852041
0.57,1,0.001,0.52,False,-0.0030227796004332896,0.0601169945006174,-0.4236638567351736,-0.01865516263964606,2272,-0.2797209247676515
0.6,5,0.002,0.48,False,-0.012652813155020537,-0.12294572642010593,-0.2018725440860336,-0.07615196423052928,2272,-0.288239605635439
0.55,3,0.002,0.5,True,-0.012865008318668991,0.014983863691541992,-0.37454203219873183,-0.07738632073461449,2272,-0.2885092645630442
0.5,1,0.002,0.5,True,-0.003129969726145987,0.1736853216953651,-0.5788932483800007,-0.01931128888813305,2272,-0.2903682679264793
0.59,1,0.001,0.5,False,-0.006044702783361999,-0.0004447335053713009,-0.3616602229976802,-0.03701221617517081,2272,-0.2915863227385241
0.55,1,0.001,0.48,False,0.01190368242837403,0.20127094829341766,-0.6206376380437366,0.07638519858761272,2272,-0.29166805741305946
0.53,5,0.002,0.5,True,-0.021244547827841243,-0.0014206698560485427,-0.3562568878115361,-0.12503680209365098,2272,-0.29279954445362977
0.58,1,0.001,0.5,False,-0.012071752495445454,-0.008404991269569381,-0.3566109362659986,-0.07276479114257262,2272,-0.2973152660310019
0.59,1,0.0005,0.48,False,-0.01132801161932151,-0.0493015845286906,-0.32174201022023796,-0.06841410522025815,2272,-0.31009359619067745
0.55,1,0.0005,0.5,True,-0.022562320503342392,0.06778414921329584,-0.4656019718703014,-0.13233890850789864,2272,-0.311466124433948
0.6,1,0.0005,0.5,False,-0.010415661920292751,-0.05477470674822815,-0.32502411861075475,-0.06305371639689894,2272,-0.3179187002129198
0.57,1,0.002,0.52,True,-0.007148945182149813,0.022140712568152827,-0.42750590824376933,-0.04364777055687019,2272,-0.3220086975815076
0.52,1,0.001,0.52,True,-0.02034810860896319,0.11897895456148684,-0.5461292916587858,-0.12003999140796995,2272,-0.32402891134823075
0.5,1,0.001,0.52,False,-0.013765397625571496,0.15644095269141078,-0.597234732284954,-0.08260857352903295,2272,-0.32547645242422396
0.51,1,0.002,0.5,True,-0.015840263544536604,0.1349494910686267,-0.5788932483800007,-0.09454840530278275,2272,-0.3329171866987348
0.58,3,0.002,0.52,True,-0.01632134810345942,-0.12031233371348984,-0.26522728920051764,-0.09729810369588987,2272,-0.33739056950494184
0.58,1,0.0005,0.5,True,-0.014418297375257016,-0.07230557528869559,-0.32657507048200884,-0.08637985235152357,2272,-0.3378911208868798
0.59,1,0.001,0.48,False,-0.014027319378593472,-0.07442063328134355,-0.3278212143927507,-0.08412305185802638,2272,-0.34088580060912216
0.6,1,0.001,0.5,False,-0.012482407652104066,-0.07576383981862009,-0.3287276806782208,-0.0751596984506746,2272,-0.3424907066568279
0.55,3,0.002,0.52,True,-0.019776025640604766,-0.02889393593090728,-0.3861743568776401,-0.11683866251373931,2272,-0.34376622912520083
0.6,1,0.0005,0.48,False,-0.013252942202285234,-0.08278358085001823,-0.32502411861075475,-0.07963938555178474,2272,-0.3467787583993076
0.58,1,0.002,0.48,False,-0.015987388847625517,-0.032424003968403975,-0.387202165819034,-0.09539006330181088,2272,-0.34698195327791886
0.59,1,0.002,0.5,False,-0.011625811619424442,-0.052455700753292756,-0.3717999302880728,-0.07015820781632098,2272,-0.3533833884695783
0.59,3,0.0005,0.52,True,-0.014566320055504067,-0.14029184090977742,-0.2630539231650372,-0.0872330490227512,2272,-0.35510487545845837
0.55,3,0.002,0.52,False,-0.01670924108255656,0.010055713279153392,-0.45114067244657474,-0.09951004775092354,2272,-0.3558695970028734
0.53,1,0.002,0.52,True,-0.014927575043301222,0.09434310611137917,-0.5650047531548766,-0.08931250104882138,2272,-0.3621389689255125
0.52,1,0.002,0.52,False,-0.022361068135429707,0.12684577027330615,-0.6032355930156917,-0.13122703967358673,2272,-0.3624510245798762
0.53,5,0.002,0.48,False,-0.03706401194315945,-0.0519152122217203,-0.3787452946282711,-0.20937702886997667,2272,-0.36603065150728503
0.55,1,0.0005,0.52,True,-0.023174233350601203,0.06131749938912447,-0.5270837130848001,-0.13571224055423392,2272,-0.36730174108389596
0.6,1,0.001,0.48,False,-0.015313762277548548,-0.10359521479373357,-0.3287276806782208,-0.09153106950047929,2272,-0.3711714880195748
0.55,1,0.001,0.5,True,-0.03536754694971145,0.020496384692949912,-0.476449630837271,-0.2006727560098729,2272,-0.37127358406178035
0.58,1,0.001,0.5,True,-0.017820226616818702,-0.10309790109571264,-0.33227705288727627,-0.10582024244485366,2272,-0.3742656113905793
0.53,1,0.002,0.5,False,-0.011669359829302728,0.1599391916207503,-0.664135482094057,-0.07041302348534917,2272,-0.37487000200328613
0.57,1,0.002,0.52,False,-0.015455480881898298,-0.023096925562164302,-0.4350845573843588,-0.09234407602819861,2272,-0.3758012157342209
0.58,1,0.002,0.5,False,-0.0199868737598774,-0.06452391056063933,-0.3822510954991917,-0.11801968652973926,2272,-0.37632084908795593
0.55,1,0.002,0.48,True,-0.035087317196610956,0.020687899505083745,-0.48318760679481865,-0.19922723497056694,2272,-0.3763883810897545
0.59,5,0.002,0.5,True,-0.017833311008904063,-0.18714947281020072,-0.24550575404495245,-0.10589433770010748,2272,-0.3889040693488339
0.6,1,0.002,0.5,False,-0.016604502141365107,-0.11758809225415588,-0.3360766943709158,-0.09891322695729399,2272,-0.3914307983932981
0.55,1,0.002,0.48,False,-0.015396805887236242,0.11176346176648856,-0.6362523623838564,-0.09200754539158329,2272,-0.40185746990676746
0.59,1,0.002,0.48,False,-0.01940585805865358,-0.12448480717880445,-0.3398211094113658,-0.11476203159940634,2272,-0.4021634521254932
0.6,1,0.0005,0.52,False,-0.016574429919259392,-0.1273157188171218,-0.34689330174669997,-0.09874180885327721,2272,-0.40980268919025964
0.59,3,0.001,0.52,True,-0.01844142053930964,-0.18851741766578847,-0.27348481968681426,-0.10933230494592605,2272,-0.41283769957703276
0.51,1,0.002,0.52,False,-0.039979602751446186,0.08181746913667023,-0.6046033001711637,-0.2241505982704528,2272,-0.4138590518256946
0.58,3,0.0005,0.52,False,-0.022312469039849736,-0.203478336173764,-0.255649881643099,-0.1309583626990105,2272,-0.4146919822001981
0.6,1,0.002,0.48,False,-0.01942403813047433,-0.14504453752236238,-0.3360766943709158,-0.11486411694861476,2272,-0.41973310445823736
0.53,5,0.002,0.48,True,-0.03489678199563517,-0.06860702466962089,-0.42799184545063096,-0.19824313673686156,2272,-0.4214695356288162
0.55,1,0.001,0.52,True,-0.03666885628320182,0.010425275426063111,-0.5371466228430659,-0.20735669322027905,2272,-0.4302926797333502
0.6,1,0.001,0.52,False,-0.019022798550441866,-0.153182688509981,-0.3511263104979425,-0.11260876436039358,2272,-0.4397905764734676
0.58,5,0.002,0.52,False,-0.023260151212939673,-0.22577144123450668,-0.2621593119851845,-0.13618500315725612,2272,-0.44247693618653616
0.51,1,0.002,0.52,True,-0.04020206614541022,0.055150856183197795,-0.6077311285420854,-0.22526826146876056,2272,-0.4430946664940937
0.6,1,0.0005,0.5,True,-0.02282736518897588,-0.1769004613361845,-0.32502411861075464,-0.13380139165098193,2272,-0.443767965781481
0.58,1,0.002,0.5,True,-0.024591429832533374,-0.16443669650447162,-0.34354077788396264,-0.14348267010214344,2272,-0.4466467477614018
0.57,3,0.002,0.52,False,-0.024990458259918635,-0.17513208895820342,-0.33562016514815396,-0.1456599176250002,2272,-0.4511253585547022
0.55,1,0.0005,0.5,False,-0.026521518998143256,0.07310997823396835,-0.6539636020986579,-0.15397090526452895,2272,-0.45801735914440095
0.53,1,0.0005,0.52,False,-0.03304565926672076,0.09347574616104865,-0.6783169964694228,-0.18862929520004712,2272,-0.45909154879450587
0.6,1,0.001,0.5,True,-0.024868189093038007,-0.19738748284988744,-0.3287276806782218,-0.14499326571163162,2272,-0.4678300841203763
0.59,3,0.0005,0.52,False,-0.021595211274151316,-0.2589875072545306,-0.25882482600217216,-0.12698493269165068,2272,-0.47252593143851374
0.5,1,0.002,0.52,True,-0.04849586137744433,0.03025171188384687,-0.6143418953969249,-0.2659834215982231,2272,-0.4757705628469263
0.59,5,0.0005,0.52,False,-0.02167963417690666,-0.26563510457861217,-0.26247513475643824,-0.1274534048006961,2272,-0.4821191026368348
0.55,1,0.0005,0.52,False,-0.030439741619321836,0.05919333852701523,-0.6689156515700826,-0.17493158461068203,2272,-0.4850711052148475
0.59,5,0.0005,0.52,True,-0.02170559623099022,-0.26335328386316303,-0.27447053831024104,-0.1275974287129793,2272,-0.48944139338065296
0.58,3,0.001,0.52,False,-0.027487427770925943,-0.26170755175547733,-0.2771147178725899,-0.1591791152938603,2272,-0.49164555438482704
0.6,1,0.0005,0.48,True,-0.02782358412493724,-0.22584692106755067,-0.32502411861075464,-0.16098535702198868,2272,-0.49421329119363555
0.6,1,0.002,0.52,False,-0.02390309068371066,-0.2045843268893583,-0.35951332509694134,-0.13971589069339307,2272,-0.4993659141720246
0.5,1,0.002,0.52,False,-0.0709087132386419,-0.005319113382277465,-0.6032355930156914,-0.36713586018473465,2272,-0.5091802017664232
0.55,1,0.001,0.5,False,-0.039892699985181634,0.027612689414155147,-0.6613267087234482,-0.22371362860564548,2272,-0.5134164875601579
0.6,3,0.0005,0.52,True,-0.023306181878725796,-0.28362312464788103,-0.27938962971268344,-0.13643819736710305,2272,-0.5141266829816455
0.6,1,0.002,0.5,True,-0.028938582871528173,-0.23820765258380847,-0.33607669437091514,-0.16695319414710919,2272,-0.515750582941999
0.52,5,0.002,0.52,False,-0.05319346611472109,-0.12064166711886334,-0.47479272876021084,-0.2882368032600513,2272,-0.5164338899614483
0.6,1,0.001,0.48,True,-0.029853973431599456,-0.24618264407178225,-0.3287276806782218,-0.17182599579552416,2272,-0.5181209806438396
0.59,3,0.002,0.52,True,-0.026148846429434713,-0.2840268585832278,-0.2939133340337936,-0.1519542184529632,2272,-0.5270021797390931
0.55,1,0.002,0.5,True,-0.060486220764451315,-0.07402768815330144,-0.5455489580772224,-0.3216608845892259,2272,-0.5286127208444148
0.52,3,0.002,0.52,True,-0.06275315035072992,-0.1791820127970718,-0.41989455432197575,-0.33177820006648906,2272,-0.5339236013598714
0.59,3,0.001,0.52,False,-0.025560211905514718,-0.31310509876393866,-0.2689500114085084,-0.14876065330681754,2272,-0.5359331714623998
0.6,5,0.0005,0.52,True,-0.024848459050334504,-0.3132149084492481,-0.2709156709168796,-0.1448856501008131,2272,-0.5374019828978521
0.52,1,0.002,0.52,True,-0.07010517113580983,-0.03574499477593606,-0.6018198035523019,-0.36372346486881635,2272,-0.5382323889585205
0.58,1,0.0005,0.52,False,-0.03849451671024273,-0.21508089275041653,-0.3946879532941481,-0.21665475398557232,2272,-0.5423796103988079
0.55,1,0.001,0.52,False,-0.04452571821749651,0.010941015726398284,-0.6764464790617721,-0.24672364004130853,2272,-0.5435738829882684
0.53,5,0.002,0.52,True,-0.06135778955423965,-0.2184915937149839,-0.39793763221053957,-0.3255658030048503,2272,-0.5552490363496875
0.55,1,0.002,0.52,True,-0.06311118489567669,-0.09135411678478304,-0.5566417877534966,-0.33336446842213474,2272,-0.5556009024562834
0.53,1,0.001,0.52,False,-0.05669965915622388,0.022979996124884144,-0.7030739973399598,-0.3044747794754785,2272,-0.5564890994939509
0.6,3,0.001,0.52,True,-0.02628602555638171,-0.3241448826618032,-0.28468730226045647,-0.15269702063933477,2272,-0.5597805321370829
0.59,5,0.001,0.52,False,-0.026701427544426726,-0.3355294374951389,-0.27563670833341725,-0.15494302406846572,2272,-0.5640492324252008
0.59,5,0.001,0.52,True,-0.026335869087967145,-0.327283006352307,-0.28670484076338065,-0.152966779806196,2272,-0.5645476396894017
0.6,1,0.002,0.48,True,-0.03390355555639779,-0.286696679170262,-0.33607669437091514,-0.1930967544166129,2272,-0.5657291013339134
0.53,3,0.002,0.52,True,-0.05977311203843494,-0.18394708292521197,-0.46057999207019507,-0.31845182304562447,2272,-0.5703430101928986
0.6,1,0.0005,0.52,True,-0.0319631342345853,-0.2890190967890776,-0.3468933017467001,-0.18296248545101879,2272,-0.5761226784568133
0.58,1,0.001,0.52,False,-0.04266050233891894,-0.24675804221895106,-0.40490022754176436,-0.23752982185030758,2272,-0.5834763749540383
0.6,5,0.001,0.52,True,-0.028019011566736918,-0.3572963109328802,-0.27618438591971706,-0.162033933804675,2272,-0.5866495231386749
0.53,5,0.002,0.52,False,-0.06699156723320054,-0.21730873423753874,-0.44446291478760447,-0.3503547247181814,2272,-0.5929765362375825
0.6,3,0.0005,0.52,False,-0.028853982189818383,-0.3677766948423921,-0.2793896297126831,-0.16650163626077297,2272,-0.5999445932694841
0.6,1,0.001,0.52,True,-0.03429554062171436,-0.313484613597043,-0.35112631049794274,-0.1951311184757467,2272,-0.6046743241819115
0.59,1,0.0005,0.52,False,-0.03101248160557013,-0.26882760750293877,-0.41036064008040884,-0.1779586455576111,2272,-0.6064198640489369
0.53,3,0.002,0.52,False,-0.07408748190737902,-0.19415989936439923,-0.4907309358667904,-0.3804849617358268,2272,-0.6089708926300452
0.6,5,0.0005,0.52,False,-0.02937865128088657,-0.38253007705810915,-0.28337945047132573,-0.1692987582077483,2272,-0.6180472328194357
0.55,1,0.002,0.5,False,-0.06609630149625723,-0.06327430087512569,-0.6755914672626431,-0.3464674196445411,2272,-0.6235763651341173
0.59,1,0.0005,0.5,True,-0.04176227389613685,-0.3480922111789696,-0.3410345700556291,-0.233068890987418,2272,-0.6334485493923139
0.59,1,0.001,0.52,False,-0.034046490041848565,-0.3001165052106451,-0.415645558372732,-0.19383906967931286,2272,-0.6428468989213852
0.58,3,0.002,0.52,False,-0.03775914920298207,-0.37728214160788576,-0.31822026861966546,-0.2129206102081136,2272,-0.6431861012645128
0.58,1,0.0005,0.52,True,-0.04257759564810448,-0.3218437793412999,-0.38656736165070615,-0.2371189912921382,2272,-0.6438709473562962
0.6,3,0.001,0.52,False,-0.03181689980797109,-0.40871625026039443,-0.28468730226045613,-0.18219443618825137,2272,-0.6460111620111507
0.6,3,0.002,0.52,True,-0.0322206862190525,-0.4043122819395345,-0.2953448544928391,-0.1843137224001109,2272,-0.6502543713995216
0.55,1,0.002,0.52,False,-0.07209690524825041,-0.08546600466951318,-0.6910034793516588,-0.37215359023833383,2272,-0.6598978597253153
0.59,3,0.002,0.52,False,-0.03344501964460789,-0.42006159798312737,-0.2887946545981981,-0.19071152313289985,2272,-0.6611308275550682
0.6,1,0.002,0.52,True,-0.03894524786619191,-0.3620883861783892,-0.3595133250969408,-0.21893617664625853,2272,-0.6613826206157993
0.59,1,0.001,0.5,True,-0.044301643487143716,-0.3725762893452363,-0.34628722462509975,-0.2456240971511956,2272,-0.6628965620914592
0.6,5,0.001,0.52,False,-0.03269005157774174,-0.4289548454854104,-0.28873600114395226,-0.1867714072926191,2272,-0.6697506618738948
0.58,1,0.002,0.52,False,-0.05094149418191318,-0.3099199171138512,-0.4328107352636409,-0.27764055189446557,2272,-0.6714509535793379
0.58,1,0.001,0.52,True,-0.046189163933041955,-0.3546738795258979,-0.3923695435459157,-0.254844254193748,2272,-0.6824262635425431
0.6,5,0.002,0.52,True,-0.03433158494911348,-0.4444717090992665,-0.2866473506007179,-0.1953179686974572,2272,-0.6840890650645748
0.59,5,0.002,0.52,True,-0.035534207673926566,-0.4535901771630483,-0.3105668191413842,-0.20153141014315545,2272,-0.7127038947783336
0.59,1,0.002,0.52,False,-0.040088296720068195,-0.3622983589001826,-0.42607759238412046,-0.22469684917966204,2272,-0.7151869218234994
0.52,5,0.002,0.52,True,-0.07924233858590579,-0.3213714225542022,-0.4672040398915307,-0.4016300318268158,2272,-0.7189073560431984
0.59,1,0.002,0.5,True,-0.049362105630374686,-0.4212520178180125,-0.3566711242865307,-0.27013030412915506,2272,-0.7213975489363496
0.59,5,0.002,0.52,False,-0.0366715359794364,-0.47352566629726545,-0.30474100951131156,-0.2073704084381507,2272,-0.7283199347001457
0.6,3,0.002,0.52,False,-0.03771785050784704,-0.48967445034719825,-0.2953448544928394,-0.21271045612346806,2272,-0.737265689093824
0.53,1,0.002,0.52,False,-0.10230260262936308,-0.11793070534217381,-0.7480174440427845,-0.48896601577181176,2272,-0.7470354413652103
0.58,1,0.002,0.52,True,-0.05337416677650886,-0.420079436127614,-0.4038140385806962,-0.2890813735148563,2272,-0.7591429170251236
0.59,1,0.0005,0.48,True,-0.05343936559782192,-0.4677539693290089,-0.34619473111260834,-0.289385897365133,2272,-0.7607415638984423
0.6,5,0.002,0.52,False,-0.03928146327073623,-0.5206271300447907,-0.29936819515464463,-0.22063433247474284,2272,-0.7719061251497272
0.59,1,0.001,0.48,True,-0.05587187529541593,-0.4913950741428779,-0.352054766347759,-0.30066944520880967,2272,-0.78980044980971
0.59,1,0.002,0.48,True,-0.0607199713883817,-0.538342607344681,-0.3636220382523825,-0.322710022443378,2272,-0.8474562293631015
0.59,1,0.0005,0.52,True,-0.060362029979964205,-0.5692308012466764,-0.41036064008040896,-0.3211029272080037,2272,-0.9156279223049928
0.59,1,0.001,0.52,True,-0.06307815283214124,-0.5972202330126248,-0.41564555837273176,-0.3332182526645848,2272,-0.9486601255604525
0.59,1,0.002,0.52,True,-0.0684888915133578,-0.6527844405713072,-0.42607759238412024,-0.35681283936711694,2272,-1.0141931819326109
